Job Title,Rating,Salary Estimate Min,Salary Estimate Max,CompanyName,Location,Headquarters,Size,Founded,Type of ownership,Industry,Sector,Revenue,Competitors
Sr Data Scientist,3.1,$137K,$171K ,Healthfirst,"New York, NY","New York, NY",1001 to 5000 employees,1993,Nonprofit Organization,Insurance Carriers,Insurance,,"EmblemHealth, UnitedHealth Group, Aetna"
Data Scientist,4.2,$137K,$171K ,ManTech,"Chantilly, VA","Herndon, VA",5001 to 10000 employees,1968,Company - Public,Research & Development,Business Services,$1 to $2 billion (USD),
Data Scientist,3.8,$137K,$171K ,Analysis Group,"Boston, MA","Boston, MA",1001 to 5000 employees,1981,Private Practice / Firm,Consulting,Business Services,$100 to $500 million (USD),
Data Scientist,3.5,$137K,$171K ,INFICON,"Newton, MA","Bad Ragaz, Switzerland",501 to 1000 employees,2000,Company - Public,Electrical & Electronic Manufacturing,Manufacturing,$100 to $500 million (USD),"MKS Instruments, Pfeiffer Vacuum, Agilent Technologies"
Data Scientist,2.9,$137K,$171K ,Affinity Solutions,"New York, NY","New York, NY",51 to 200 employees,1998,Company - Private,Advertising & Marketing,Business Services,,"Commerce Signals, Cardlytics, Yodlee"
Data Scientist,4.2,$137K,$171K ,HG Insights,"Santa Barbara, CA","Santa Barbara, CA",51 to 200 employees,2010,Company - Private,Computer Hardware & Software,Information Technology,,
Data Scientist / Machine Learning Expert,3.9,$137K,$171K ,Novartis,"Cambridge, MA","Basel, Switzerland",10000+ employees,1996,Company - Public,Biotech & Pharmaceuticals,Biotech & Pharmaceuticals,$10+ billion (USD),
Data Scientist,3.5,$137K,$171K ,iRobot,"Bedford, MA","Bedford, MA",1001 to 5000 employees,1990,Company - Public,Consumer Electronics & Appliances Stores,Retail,$1 to $2 billion (USD),
Staff Data Scientist - Analytics,4.4,$137K,$171K ,Intuit - Data,"San Diego, CA","Mountain View, CA",5001 to 10000 employees,1983,Company - Public,Computer Hardware & Software,Information Technology,$2 to $5 billion (USD),"Square, PayPal, H&R Block"
Data Scientist,3.6,$137K,$171K ,XSELL Technologies,"Chicago, IL","Chicago, IL",51 to 200 employees,2014,Company - Private,Enterprise Software & Network Solutions,Information Technology,,
Data Scientist,4.5,$137K,$171K ,Novetta,"Herndon, VA","Mc Lean, VA",501 to 1000 employees,2012,Company - Private,Enterprise Software & Network Solutions,Information Technology,$100 to $500 million (USD),"Leidos, CACI International, Booz Allen Hamilton"
Data Scientist,4.7,$137K,$171K ,1904labs,"Saint Louis, MO","Saint Louis, MO",51 to 200 employees,2016,Company - Private,IT Services,Information Technology,,"Slalom, Daugherty Business Solutions"
"Data Scientist - Statistics, Early Career",3.7,$137K,$171K ,PNNL,"Richland, WA","Richland, WA",1001 to 5000 employees,1965,Government,Energy,"Oil, Gas, Energy & Utilities",$500 million to $1 billion (USD),"Oak Ridge National Laboratory, National Renewable Energy Lab, Los Alamos National Laboratory"
Data Modeler,3.1,$137K,$171K ,Old World Industries,"Northbrook, IL","Northbrook, IL",201 to 500 employees,1973,Company - Private,Chemical Manufacturing,Manufacturing,$1 to $2 billion (USD),
Data Scientist,3.4,$137K,$171K ,Mathematica Policy Research,"Washington, DC","Princeton, NJ",1001 to 5000 employees,1986,Company - Private,Consulting,Business Services,$100 to $500 million (USD),
Experienced Data Scientist,4.4,$137K,$171K ,Guzman & Griffin Technologies (GGTI),"Washington, DC","Mays Landing, NJ",1 to 50 employees,1997,Company - Private,Federal Agencies,Government,,
Data Scientist - Contract,4.1,$137K,$171K ,Upside Business Travel,Remote,"Washington, DC",51 to 200 employees,2015,Company - Private,Internet,Information Technology,,
Data Scientist,3.5,$137K,$171K ,Buckman,"Memphis, TN","Memphis, TN",1001 to 5000 employees,1945,Company - Private,Chemical Manufacturing,Manufacturing,$500 million to $1 billion (USD),
Data Analyst II,4.2,$137K,$171K ,"Insight Enterprises, Inc.","Plano, TX","Tempe, AZ",5001 to 10000 employees,1988,Company - Public,Enterprise Software & Network Solutions,Information Technology,$5 to $10 billion (USD),"CDW, PCM, SHI International"
Medical Lab Scientist,3.5,$137K,$171K ,Tower Health,"West Grove, PA","Reading, PA",5001 to 10000 employees,2017,Nonprofit Organization,Health Care Services & Hospitals,Health Care,,
Data Scientist,3.2,$137K,$171K ,Triplebyte,"New York, NY","San Francisco, CA",51 to 200 employees,2015,Company - Private,Computer Hardware & Software,Information Technology,,
Data Scientist/Machine Learning,4.3,$137K,$171K ,PulsePoint,"New York, NY","New York, NY",51 to 200 employees,2011,Company - Private,Internet,Information Technology,$100 to $500 million (USD),"Crossix Solutions Inc., AppNexus, The Trade Desk"
Human Factors Scientist,3.5,$137K,$171K ,Exponent,"Phoenix, AZ","Menlo Park, CA",1001 to 5000 employees,1967,Company - Public,Consulting,Business Services,$100 to $500 million (USD),
Business Intelligence Analyst I- Data Insights,3.5,$137K,$171K ,Guardian Life,"Appleton, WI","New York, NY",5001 to 10000 employees,1860,Company - Private,Insurance Carriers,Insurance,$5 to $10 billion (USD),Northwestern Mutual
Data Scientist,3.4,$137K,$171K ,Spectrum Communications and Consulting,"Chicago, IL","Chicago, IL",51 to 200 employees,1992,Company - Private,Advertising & Marketing,Business Services,$10 to $25 million (USD),
Data Scientist,4.7,$137K,$171K ,Oversight Systems,"Atlanta, GA","Atlanta, GA",51 to 200 employees,2003,Company - Private,Computer Hardware & Software,Information Technology,$25 to $50 million (USD),
Data Scientist - Risk,4.2,$137K,$171K ,LSQ,"Orlando, FL","Orlando, FL",51 to 200 employees,1996,Company - Private,Investment Banking & Asset Management,Finance,$100 to $500 million (USD),
Data Scientist-Human Resources,3.8,$137K,$171K ,MIT Lincoln Laboratory,"Lexington, MA","Lexington, MA",1001 to 5000 employees,1951,Nonprofit Organization,Aerospace & Defense,Aerospace & Defense,,
Data Scientist,4.5,$137K,$171K ,Kingfisher Systems,"McLean, VA","Falls Church, VA",51 to 200 employees,2005,Company - Private,Federal Agencies,Government,$25 to $50 million (USD),
Data Scientist,2.8,$137K,$171K ,Formation,"San Francisco, CA","San Francisco, CA",51 to 200 employees,2015,Company - Private,Enterprise Software & Network Solutions,Information Technology,,
Data Scientist,3.8,$75K,$131K ,Analysis Group,"Boston, MA","Boston, MA",1001 to 5000 employees,1981,Private Practice / Firm,Consulting,Business Services,$100 to $500 million (USD),
Data Scientist / Machine Learning Expert,3.9,$75K,$131K ,Novartis,"Cambridge, MA","Basel, Switzerland",10000+ employees,1996,Company - Public,Biotech & Pharmaceuticals,Biotech & Pharmaceuticals,$10+ billion (USD),
Data Scientist,5,$75K,$131K ,Cohere Health,"Boston, MA","Boston, MA",1 to 50 employees,2019,Company - Private,IT Services,Information Technology,,
Senior Research Statistician- Data Scientist,4.8,$75K,$131K ,Acuity Insurance,"Sheboygan, WI","Sheboygan, WI",1001 to 5000 employees,1925,Company - Private,Insurance Carriers,Insurance,$1 to $2 billion (USD),
Data Engineer,3.6,$75K,$131K ,Chef,United States,"Seattle, WA",201 to 500 employees,2008,Company - Private,Enterprise Software & Network Solutions,Information Technology,$50 to $100 million (USD),"Puppet, Ansible, SaltStack"
Associate Data Scientist,3.3,$75K,$131K ,Puget Sound Energy,"Bothell, WA","Bellevue, WA",1001 to 5000 employees,1999,Company - Private,Utilities,"Oil, Gas, Energy & Utilities",$2 to $5 billion (USD),
Business Intelligence Analyst,2.7,$75K,$131K ,Sandhills Global,"Lincoln, NE","Lincoln, NE",1001 to 5000 employees,1978,Company - Private,Enterprise Software & Network Solutions,Information Technology,$50 to $100 million (USD),
Data Scientist,2.7,$75K,$131K ,A Place for Mom,"Overland Park, KS","New York, NY",501 to 1000 employees,2000,Company - Private,Health Care Services & Hospitals,Health Care,,"Enlivant, Sunrise Senior Living, Brookdale Senior Living"
Data Scientist,2.2,$75K,$131K ,Great-Circle Technologies,"Chantilly, VA","Chantilly, VA",1 to 50 employees,2000,Company - Private,Enterprise Software & Network Solutions,Information Technology,$1 to $5 million (USD),
Senior Analyst/Data Scientist,3.4,$75K,$131K ,Edmunds.com,"Santa Monica, CA","Santa Monica, CA",501 to 1000 employees,1966,Company - Private,Internet,Information Technology,$100 to $500 million (USD),"TrueCar, Cars.com, Kelley Blue Book"
Data Analyst,3.1,$75K,$131K ,"Cambridge Associates, LLC","Boston, MA","Boston, MA",501 to 1000 employees,1973,Company - Private,Investment Banking & Asset Management,Finance,$100 to $500 million (USD),
Machine Learning Engineer,3.4,$75K,$131K ,Liberty Mutual Insurance,"Portsmouth, NH","Boston, MA",10000+ employees,1912,Company - Private,Insurance Carriers,Insurance,$10+ billion (USD),"Travelers, Allstate, State Farm"
Data Analyst I,2.6,$75K,$131K ,Cenlar,"Ewing, NJ","Ewing, NJ",1001 to 5000 employees,1958,Company - Private,,,$100 to $500 million (USD),
Scientist - Molecular Biology,5,$75K,$131K ,Arsenal Biosciences,"South San Francisco, CA","South San Francisco, CA",51 to 200 employees,2019,Company - Private,Biotech & Pharmaceuticals,Biotech & Pharmaceuticals,,
Data Scientist,4.2,$75K,$131K ,Eversight,"Palo Alto, CA","Palo Alto, CA",51 to 200 employees,2013,Company - Private,Enterprise Software & Network Solutions,Information Technology,$10 to $25 million (USD),
"Computational Scientist, Machine Learning",4.1,$75K,$131K ,Pfizer,"Cambridge, MA","New York, NY",10000+ employees,1849,Company - Public,Biotech & Pharmaceuticals,Biotech & Pharmaceuticals,$10+ billion (USD),
Senior Data Scientist,4.8,$75K,$131K ,Klaviyo,"Boston, MA","Boston, MA",201 to 500 employees,2012,Company - Private,Computer Hardware & Software,Information Technology,,
Data Scientist,3.3,$75K,$131K ,Intellectual Ventures,"Bellevue, WA","Bellevue, WA",501 to 1000 employees,2000,Company - Private,Investment Banking & Asset Management,Finance,,
Data Scientist,3.7,$75K,$131K ,GovTech,"San Francisco, CA","Singapore, Singapore",1001 to 5000 employees,2016,Government,Federal Agencies,Government,,
Data Scientist,4.3,$75K,$131K ,Quick Base,"Cambridge, MA","Cambridge, MA",201 to 500 employees,1999,Company - Private,Enterprise Software & Network Solutions,Information Technology,,
Data Analyst,4.8,$75K,$131K ,Giving Assistant,"San Francisco, CA","San Francisco, CA",1 to 50 employees,2014,Company - Private,Advertising & Marketing,Business Services,$10 to $25 million (USD),
Data Scientist,3.7,$75K,$131K ,Takeda,"Cambridge, MA","OSAKA, Japan",10000+ employees,1781,Company - Public,Biotech & Pharmaceuticals,Biotech & Pharmaceuticals,$10+ billion (USD),"Novartis, Baxter, Pfizer"
Data Scientist,4,$75K,$131K ,Netskope,"San Francisco, CA","Santa Clara, CA",501 to 1000 employees,2012,Company - Private,Enterprise Software & Network Solutions,Information Technology,,"Skyhigh Networks, Zscaler, NortonLifeLock"
Jr. Data Engineer,4.8,$75K,$131K ,IT Concepts,Remote,"Vienna, VA",51 to 200 employees,2003,Company - Private,IT Services,Information Technology,$10 to $25 million (USD),
E-Commerce Data Analyst,3.5,$75K,$131K ,iSeatz,"New Orleans, LA","New Orleans, LA",51 to 200 employees,1999,Company - Private,Enterprise Software & Network Solutions,Information Technology,,
Data Analytics Engineer,3.7,$75K,$131K ,Summa Health System,"Akron, OH","Akron, OH",5001 to 10000 employees,1926,Nonprofit Organization,Health Care Services & Hospitals,Health Care,$100 to $500 million (USD),
Senior Data Scientist,3.5,$75K,$131K ,Benson Hill,"Saint Louis, MO","Saint Louis, MO",201 to 500 employees,2012,Company - Private,Biotech & Pharmaceuticals,Biotech & Pharmaceuticals,$1 to $5 million (USD),
Product Data Scientist - Ads Data Science,4.1,$75K,$131K ,Twitter,"San Francisco, CA","San Francisco, CA",1001 to 5000 employees,2006,Company - Public,Internet,Information Technology,$2 to $5 billion (USD),"Facebook, Google, Pinterest"
Data Scientist,3.2,$75K,$131K ,Postmates - Corporate HQ,"San Francisco, CA","San Francisco, CA",1001 to 5000 employees,2011,Company - Private,Express Delivery Services,Transportation & Logistics,,"DoorDash, Uber, Grubhub"
Data Scientist - Intermediate,4.5,$75K,$131K ,Envision LLC,"Saint Louis, MO","Saint Louis, MO",201 to 500 employees,1994,Company - Private,Staffing & Outsourcing,Business Services,$25 to $50 million (USD),
Data Analyst,3.8,$75K,$131K ,Swiss Re,"Fort Wayne, IN","Zurich, Switzerland",10000+ employees,1863,Company - Public,Insurance Agencies & Brokerages,Insurance,$10+ billion (USD),"Munich Re, Hannover RE, SCOR"
Machine Learning Engineer,4.5,$75K,$131K ,Systems & Technology Research,"Woburn, MA","Woburn, MA",201 to 500 employees,2010,Company - Private,Aerospace & Defense,Aerospace & Defense,$100 to $500 million (USD),
Data Scientist,3.5,$79K,$131K ,iRobot,"Bedford, MA","Bedford, MA",1001 to 5000 employees,1990,Company - Public,Consumer Electronics & Appliances Stores,Retail,$1 to $2 billion (USD),
Data Scientist,4.2,$79K,$131K ,HG Insights,"Santa Barbara, CA","Santa Barbara, CA",51 to 200 employees,2010,Company - Private,Computer Hardware & Software,Information Technology,,
Global Data Analyst,3.8,$79K,$131K ,Dermalogica,"Carson, CA","Carson, CA",201 to 500 employees,1986,Subsidiary or Business Segment,Consumer Products Manufacturing,Manufacturing,$100 to $500 million (USD),"IMAGE Skincare, Aveda, Kiehl's"
Data Engineer,3.7,$79K,$131K ,Bayview Asset Management,"Coral Gables, FL","Coral Gables, FL",1001 to 5000 employees,1995,Company - Private,Investment Banking & Asset Management,Finance,$100 to $500 million (USD),
Data Scientist,3.7,$79K,$131K ,Via Transportation,"New York, NY","New York, NY",501 to 1000 employees,2012,Company - Private,Internet,Information Technology,,
Data Scientist,4,$79K,$131K ,Grid Dynamics,"Santa Clara, CA","San Ramon, CA",1001 to 5000 employees,2006,Company - Private,Enterprise Software & Network Solutions,Information Technology,$50 to $100 million (USD),"Luxoft, EPAM, Capgemini Invent"
Data & Machine Learning Scientist,3.3,$79K,$131K ,Tempus Labs,"Chicago, IL","Chicago, IL",501 to 1000 employees,2015,Company - Private,Biotech & Pharmaceuticals,Biotech & Pharmaceuticals,,
Data Scientist - Machine Learning,2.5,$79K,$131K ,CareDx,"Brisbane, CA","Brisbane, CA",1 to 50 employees,,Company - Private,Biotech & Pharmaceuticals,Biotech & Pharmaceuticals,,Sequenom
Data Engineer (Remote),4.2,$79K,$131K ,IZEA,"Winter Park, FL","Winter Park, FL",51 to 200 employees,2006,Company - Public,Advertising & Marketing,Business Services,$25 to $50 million (USD),"Linqia, Collective Bias"
"Data Scientist, Applied Machine Learning - Bay Area",3.3,$79K,$131K ,Tempus Labs,"Redwood City, CA","Chicago, IL",501 to 1000 employees,2015,Company - Private,Biotech & Pharmaceuticals,Biotech & Pharmaceuticals,,
Principal Data Scientist,4,$79K,$131K ,Autodesk,"San Francisco, CA","San Rafael, CA",5001 to 10000 employees,1982,Company - Public,Computer Hardware & Software,Information Technology,$2 to $5 billion (USD),
Business Data Analyst,3.7,$79K,$131K ,Caterpillar,"Peoria, IL","Deerfield, IL",10000+ employees,1925,Company - Public,Industrial Manufacturing,Manufacturing,$10+ billion (USD),"John Deere, Komatsu, CNH Industrial"
Purification Scientist,4.9,$79K,$131K ,New England Biolabs,"Ipswich, MA","Ipswich, MA",201 to 500 employees,1974,Company - Private,Biotech & Pharmaceuticals,Biotech & Pharmaceuticals,,"Thermo Fisher Scientific, Enzymatics, Illumina"
Data Analyst,3.4,$79K,$131K ,Allied Solutions,"Carmel, IN","Carmel, IN",1001 to 5000 employees,2001,Subsidiary or Business Segment,Insurance Agencies & Brokerages,Insurance,$100 to $500 million (USD),"CUNA Mutual, SWBC, Overby-Seawell"
"Data Engineer, Enterprise Analytics",3.1,$79K,$131K ,Healthfirst,"New York, NY","New York, NY",1001 to 5000 employees,1993,Nonprofit Organization,Insurance Carriers,Insurance,,"EmblemHealth, UnitedHealth Group, Aetna"
Data Scientist,3.5,$79K,$131K ,The Knot Worldwide,"Washington, DC","Chevy Chase, MD",1001 to 5000 employees,2019,Company - Private,Internet,Information Technology,,Zola Registry
Data Scientist,2.9,$79K,$131K ,IFG Companies,"New York, NY","Hartford, CT",201 to 500 employees,1985,Company - Private,Insurance Carriers,Insurance,,"Colony Specialty, Markel, RLI"
Data Scientist 3 (718),3.3,$79K,$131K ,Amyris,"Emeryville, CA","Emeryville, CA",201 to 500 employees,2003,Company - Public,Biotech & Pharmaceuticals,Biotech & Pharmaceuticals,$100 to $500 million (USD),
"Real World Science, Data Scientist",4,$79K,$131K ,AstraZeneca,"Gaithersburg, MD","Cambridge, United Kingdom",10000+ employees,1913,Company - Public,Biotech & Pharmaceuticals,Biotech & Pharmaceuticals,$10+ billion (USD),"Roche, GlaxoSmithKline, Novartis"
Data Scientist,3.6,$79K,$131K ,Powertek,"Washington, DC","Rockville, MD",51 to 200 employees,2001,Company - Private,IT Services,Information Technology,$25 to $50 million (USD),
Data Engineer,4.7,$79K,$131K ,Object Partners,"Saint Louis, MO","Minneapolis, MN",51 to 200 employees,1996,Company - Private,Consulting,Business Services,$25 to $50 million (USD),"Solution Design Group, Intertech (Minnesota)"
Data Scientist - Image and Video Analytics,4.9,$79K,$131K ,The Mom Project,"Longmont, CO","Chicago, IL",1 to 50 employees,2016,Company - Private,Staffing & Outsourcing,Business Services,,
Data Scientist,4.3,$79K,$131K ,Lightspeed Systems,"Austin, TX","Austin, TX",51 to 200 employees,1999,Company - Private,Computer Hardware & Software,Information Technology,$25 to $50 million (USD),
"Data Science Manager, Payment Acceptance - USA",4,$79K,$131K ,Stripe,"San Francisco, CA","San Francisco, CA",1001 to 5000 employees,2010,Company - Private,Internet,Information Technology,,"Braintree, Authorize.Net, PayPal"
Data Analyst,2.6,$79K,$131K ,Comprehensive Healthcare,"Yakima, WA","Yakima, WA",501 to 1000 employees,1971,Nonprofit Organization,Health Care Services & Hospitals,Health Care,,
Data Scientist / Applied Mathematician,4.5,$79K,$131K ,"Fullpower Technologies, Inc.","Santa Cruz, CA","Santa Cruz, CA",51 to 200 employees,2003,Company - Private,Computer Hardware & Software,Information Technology,$10 to $25 million (USD),
Machine Learning Engineer,4.8,$79K,$131K ,Klaviyo,"Boston, MA","Boston, MA",201 to 500 employees,2012,Company - Private,Computer Hardware & Software,Information Technology,,
Data Scientist,3.9,$79K,$131K ,Mars,United States,"Mc Lean, VA",10000+ employees,1911,Company - Private,Food & Beverage Manufacturing,Manufacturing,$10+ billion (USD),
Patient Safety- Associate Data Scientist,4,$79K,$131K ,AstraZeneca,"Gaithersburg, MD","Cambridge, United Kingdom",10000+ employees,1913,Company - Public,Biotech & Pharmaceuticals,Biotech & Pharmaceuticals,$10+ billion (USD),"Roche, GlaxoSmithKline, Novartis"
Machine Learning Engineer,4.4,$79K,$131K ,NuWave Solutions,"Springfield, VA","Mc Lean, VA",51 to 200 employees,1999,Company - Private,IT Services,Information Technology,$5 to $10 million (USD),
Senior Data Scientist,4.2,$79K,$131K ,ManTech,"Alexandria, VA","Herndon, VA",5001 to 10000 employees,1968,Company - Public,Research & Development,Business Services,$1 to $2 billion (USD),
(Sr.) Data Scientist -,3.6,$79K,$131K ,Merrick Bank,Utah,"South Jordan, UT",201 to 500 employees,1997,Company - Private,Banks & Credit Unions,Finance,,
Data Scientist,3.4,$99K,$132K ,Mathematica Policy Research,"Washington, DC","Princeton, NJ",1001 to 5000 employees,1986,Company - Private,Consulting,Business Services,$100 to $500 million (USD),
Staff Data Scientist - Analytics,4.4,$99K,$132K ,Intuit - Data,"San Diego, CA","Mountain View, CA",5001 to 10000 employees,1983,Company - Public,Computer Hardware & Software,Information Technology,$2 to $5 billion (USD),"Square, PayPal, H&R Block"
Data Analytics Engineer,3.5,$99K,$132K ,QOMPLX,"Reston, VA","Reston, VA",51 to 200 employees,2015,Company - Private,Enterprise Software & Network Solutions,Information Technology,$10 to $25 million (USD),
"Data Scientist, Kinship - NYC/Portland",3.9,$99K,$132K ,Mars,"New York, NY","Mc Lean, VA",10000+ employees,1911,Company - Private,Food & Beverage Manufacturing,Manufacturing,$10+ billion (USD),
Senior Data Scientist,3.8,$99K,$132K ,GutCheck,"Denver, CO","Denver, CO",51 to 200 employees,2009,Company - Private,Advertising & Marketing,Business Services,$10 to $25 million (USD),"Nielsen, Zappi, SurveyMonkey"
Applied Technology Researcher / Data Scientist,3.5,$99K,$132K ,Inter-American Development Bank,"Washington, DC","Washington, DC",1001 to 5000 employees,1959,Other Organization,Banks & Credit Unions,Finance,$10+ billion (USD),"The World Bank, IMF"
Data Scientist,4.9,$99K,$132K ,Avlino,New Jersey,"Holmdel, NJ",1 to 50 employees,2013,Company - Private,Enterprise Software & Network Solutions,Information Technology,Less than $1 million (USD),
Machine Learning Engineer,4.4,$99K,$132K ,Stratagem Group,"Aurora, CO","Aurora, CO",1 to 50 employees,2007,Company - Private,Aerospace & Defense,Aerospace & Defense,,
Health Data Scientist - Biomedical/Biostats,4.1,$99K,$132K ,Evidation,"Santa Barbara, CA","San Mateo, CA",51 to 200 employees,2012,Company - Private,Internet,Information Technology,,
Senior Data Scientist,4,$99K,$132K ,Autodesk,"San Francisco, CA","San Rafael, CA",5001 to 10000 employees,1982,Company - Public,Computer Hardware & Software,Information Technology,$2 to $5 billion (USD),
Staff Data Scientist,4.4,$99K,$132K ,Intuit - Data,"San Diego, CA","Mountain View, CA",5001 to 10000 employees,1983,Company - Public,Computer Hardware & Software,Information Technology,$2 to $5 billion (USD),"Square, PayPal, H&R Block"
Data Scientist,3.8,$99K,$132K ,Tecolote Research,"Hill AFB, UT","Goleta, CA",501 to 1000 employees,1973,Company - Private,Aerospace & Defense,Aerospace & Defense,$50 to $100 million (USD),
Sr Data Engineer (Sr BI Developer),3.2,$99K,$132K ,Tivity Health,"Chandler, AZ","Franklin, TN",501 to 1000 employees,1981,Company - Public,Health Care Services & Hospitals,Health Care,,
Data Engineer,2.9,$99K,$132K ,hc1,"Indianapolis, IN","Indianapolis, IN",51 to 200 employees,2011,Company - Private,Biotech & Pharmaceuticals,Biotech & Pharmaceuticals,$10 to $25 million (USD),
Lead Data Scientist,4.1,$99K,$132K ,HP Inc.,"San Diego, CA","Palo Alto, CA",10000+ employees,1939,Company - Public,Computer Hardware & Software,Information Technology,,
Data Scientist,3.7,$99K,$132K ,SAIC,"Chantilly, VA","Reston, VA",10000+ employees,2013,Company - Public,Enterprise Software & Network Solutions,Information Technology,$5 to $10 million (USD),"Booz Allen Hamilton, CACI International"
RFP Data Analyst,3.2,$99K,$132K ,AllianceBernstein,"Nashville, TN","New York, NY",1001 to 5000 employees,1967,Company - Public,Investment Banking & Asset Management,Finance,$2 to $5 billion (USD),
Data Analyst,4.9,$99K,$132K ,Big Huge Games,"Timonium, MD","Lutherville Timonium, MD",51 to 200 employees,2013,Subsidiary or Business Segment,Video Games,Media,,
Data Scientist (TS/SCI),3.5,$99K,$132K ,Maxar Technologies,"Herndon, VA","Westminster, CO",5001 to 10000 employees,,Company - Public,Aerospace & Defense,Aerospace & Defense,$2 to $5 billion (USD),
Data Engineer,5,$99K,$132K ,Phantom AI,"Burlingame, CA","Burlingame, CA",1 to 50 employees,2016,Company - Private,Computer Hardware & Software,Information Technology,,
Data Scientist,4,$99K,$132K ,Noblis,"Reston, VA","Reston, VA",1001 to 5000 employees,1996,Nonprofit Organization,Consulting,Business Services,$100 to $500 million (USD),"Booz Allen Hamilton, SAIC, LMI"
Data Scientist,3.6,$99K,$132K ,Spring Health,"New York, NY","New York, NY",1 to 50 employees,2016,Company - Private,Health Care Services & Hospitals,Health Care,,
Software Engineer - Data Science,4,$99K,$132K ,ClearEdge,"Annapolis Junction, MD","Annapolis Junction, MD",51 to 200 employees,2002,Company - Private,Computer Hardware & Software,Information Technology,$5 to $10 million (USD),
Data Analyst/Engineer,3.2,$99K,$132K ,AllianceBernstein,"Nashville, TN","New York, NY",1001 to 5000 employees,1967,Company - Public,Investment Banking & Asset Management,Finance,$2 to $5 billion (USD),
NGS Scientist,5,$99K,$132K ,Arsenal Biosciences,"South San Francisco, CA","South San Francisco, CA",51 to 200 employees,2019,Company - Private,Biotech & Pharmaceuticals,Biotech & Pharmaceuticals,,
Data Engineer,4.8,$99K,$132K ,GetWellNetwork,"Bethesda, MD","Bethesda, MD",201 to 500 employees,2000,Company - Private,Health Care Services & Hospitals,Health Care,$50 to $100 million (USD),"Epic, CipherHealth"
Data Scientist,4.5,$99K,$132K ,TACG Solutions,"Dayton, OH","Beavercreek, OH",51 to 200 employees,2006,Company - Private,Consulting,Business Services,,"Copper River Shared Services, Chenega Corporation, Deloitte"
Senior Data Engineer,4.7,$99K,$132K ,Scoop,"San Francisco, CA","San Francisco, CA",51 to 200 employees,2015,Company - Private,Internet,Information Technology,,
Senior Data Scientist,4.5,$99K,$132K ,Novetta,"Herndon, VA","Mc Lean, VA",501 to 1000 employees,2012,Company - Private,Enterprise Software & Network Solutions,Information Technology,$100 to $500 million (USD),"Leidos, CACI International, Booz Allen Hamilton"
Data Engineer,4.2,$99K,$132K ,IZEA,"Winter Park, FL","Winter Park, FL",51 to 200 employees,2006,Company - Public,Advertising & Marketing,Business Services,$25 to $50 million (USD),"Linqia, Collective Bias"
Business Intelligence Analyst,3.4,$99K,$132K ,Montway Inc,"Schaumburg, IL","Schaumburg, IL",51 to 200 employees,2006,Company - Private,Shipping,Transportation & Logistics,,
Sr. ML/Data Scientist - AI/NLP/Chatbot,3.8,$99K,$132K ,Juniper Networks,"Cupertino, CA","Sunnyvale, CA",5001 to 10000 employees,1996,Company - Public,Telecommunications Services,Telecommunications,$2 to $5 billion (USD),
Data Scientist,4.7,$90K,$109K ,1904labs,"Saint Louis, MO","Saint Louis, MO",51 to 200 employees,2016,Company - Private,IT Services,Information Technology,,"Slalom, Daugherty Business Solutions"
Data Scientist,3.6,$90K,$109K ,XSELL Technologies,"Chicago, IL","Chicago, IL",51 to 200 employees,2014,Company - Private,Enterprise Software & Network Solutions,Information Technology,,
Data Engineer,4.2,$90K,$109K ,IZEA,"Winter Park, FL","Winter Park, FL",51 to 200 employees,2006,Company - Public,Advertising & Marketing,Business Services,$25 to $50 million (USD),"Linqia, Collective Bias"
Sr. ML/Data Scientist - AI/NLP/Chatbot,3.8,$90K,$109K ,Juniper Networks,"Cupertino, CA","Sunnyvale, CA",5001 to 10000 employees,1996,Company - Public,Telecommunications Services,Telecommunications,$2 to $5 billion (USD),
Data Scientist,5,$90K,$109K ,Notion Labs,"San Francisco, CA","San Francisco, CA",1 to 50 employees,2016,Company - Private,Enterprise Software & Network Solutions,Information Technology,,
Senior Data Engineer,4.9,$90K,$109K ,Lendio,"Lehi, UT","Lehi, UT",201 to 500 employees,2011,Company - Private,Lending,Finance,$50 to $100 million (USD),
Data Engineer,4.4,$90K,$109K ,Direct Agents,"Culver City, CA","New York, NY",51 to 200 employees,2003,Company - Private,Advertising & Marketing,Business Services,$25 to $50 million (USD),
Data Scientist,3.3,$90K,$109K ,NAVEX Global,"Lake Oswego, OR","Lake Oswego, OR",1001 to 5000 employees,2012,Company - Private,Computer Hardware & Software,Information Technology,$100 to $500 million (USD),
Machine Learning Engineer,3.2,$90K,$109K ,Triplebyte,Remote,"San Francisco, CA",51 to 200 employees,2015,Company - Private,Computer Hardware & Software,Information Technology,,
Machine Learning Engineer,3.2,$90K,$109K ,Triplebyte,Remote,"San Francisco, CA",51 to 200 employees,2015,Company - Private,Computer Hardware & Software,Information Technology,,
Senior Data Engineer,4.9,$90K,$109K ,Lendio,"Lehi, UT","Lehi, UT",201 to 500 employees,2011,Company - Private,Lending,Finance,$50 to $100 million (USD),
Data Scientist,4.2,$90K,$109K ,Upstart,"San Mateo, CA","San Mateo, CA",201 to 500 employees,2012,Company - Private,Lending,Finance,,
Data Analyst,4.5,$90K,$109K ,Envision LLC,"San Francisco, CA","Saint Louis, MO",201 to 500 employees,1994,Company - Private,Staffing & Outsourcing,Business Services,$25 to $50 million (USD),
Data Engineer,4.8,$90K,$109K ,AppLovin,"Palo Alto, CA","Palo Alto, CA",201 to 500 employees,2012,Company - Private,Video Games,Media,,
Data Integration and Modeling Engineer,3.8,$90K,$109K ,ISO New England,"Holyoke, MA","Holyoke, MA",501 to 1000 employees,1997,Nonprofit Organization,Utilities,"Oil, Gas, Energy & Utilities",,
Tableau Data Engineer 20-0117,3.7,$90K,$109K ,Relativity,"Chicago, IL","Chicago, IL",1001 to 5000 employees,2001,Company - Private,Enterprise Software & Network Solutions,Information Technology,,
Senior Data Scientist,3.3,$90K,$109K ,Tempo Automation,"San Francisco, CA","San Francisco, CA",51 to 200 employees,2013,Company - Private,Electrical & Electronic Manufacturing,Manufacturing,$5 to $10 million (USD),
AI Data Scientist,3.3,$90K,$109K ,MITRE,"McLean, VA","Bedford, MA",5001 to 10000 employees,1958,Nonprofit Organization,Federal Agencies,Government,$1 to $2 billion (USD),"Battelle, General Atomics, SAIC"
Machine Learning Engineer,5,$90K,$109K ,"Expedition Technology, Inc.","Herndon, VA","Dulles, VA",1 to 50 employees,2013,Company - Private,Aerospace & Defense,Aerospace & Defense,$10 to $25 million (USD),
Research Scientist Patient Preferences (Remote),3.8,$90K,$109K ,Evidera,"Bethesda, MD","Bethesda, MD",501 to 1000 employees,2013,Subsidiary or Business Segment,Biotech & Pharmaceuticals,Biotech & Pharmaceuticals,$100 to $500 million (USD),"IQVIA, ICON"
Data Scientist,3.4,$90K,$109K ,Plymouth Rock Assurance,"Woodbridge, NJ","Boston, MA",1001 to 5000 employees,1982,Company - Private,Insurance Carriers,Insurance,$10 to $25 million (USD),"Arbella Insurance, Safety Insurance"
Scientist - Biomarker and Flow Cytometry,2.4,$90K,$109K ,Crown Bioscience,"San Diego, CA","San Diego, CA",501 to 1000 employees,2006,Company - Private,Biotech & Pharmaceuticals,Biotech & Pharmaceuticals,$50 to $100 million (USD),
Data Scientist,2.9,$90K,$109K ,GNS Healthcare,"Cambridge, MA","Cambridge, MA",51 to 200 employees,2000,Company - Private,Biotech & Pharmaceuticals,Biotech & Pharmaceuticals,$10 to $25 million (USD),
Analytics Manager,4.4,$90K,$109K ,OneMagnify,"Dearborn, MI","Detroit, MI",201 to 500 employees,1967,Company - Private,Advertising & Marketing,Business Services,,
Data Scientist,2.9,$90K,$109K ,SPECTRUM,"Maryland Heights, MO","Stamford, CT",10000+ employees,2016,Subsidiary or Business Segment,"Cable, Internet & Telephone Providers",Telecommunications,$10+ billion (USD),
Staff Scientist- Upstream PD,2.7,$90K,$109K ,Advanced BioScience Laboratories,"Rockville, MD","Rockville, MD",201 to 500 employees,1961,Company - Private,Biotech & Pharmaceuticals,Biotech & Pharmaceuticals,$50 to $100 million (USD),
Data Engineer,4.2,$90K,$109K ,Procore Technologies,"Carpinteria, CA","Carpinteria, CA",1001 to 5000 employees,2002,Company - Private,Computer Hardware & Software,Information Technology,,
Sr Scientist - Extractables & Leachables,3.5,$90K,$109K ,Ritedose,"Columbia, SC","Columbia, SC",201 to 500 employees,1995,Company - Private,Biotech & Pharmaceuticals,Biotech & Pharmaceuticals,$100 to $500 million (USD),
ELISA RESEARCH SCIENTIST (CV-15),,$90K,$109K ,Covid-19 Search Partners,"Hauppauge, NY",,,,,,,,
Sr Data Scientist,4.2,$90K,$109K ,bioMérieux,"Saint Louis, MO","Marcy-l'Etoile, France",10000+ employees,1963,Company - Private,Biotech & Pharmaceuticals,Biotech & Pharmaceuticals,$2 to $5 billion (USD),
Data Scientist,4.5,$101K,$165K ,Novetta,"Herndon, VA","Mc Lean, VA",501 to 1000 employees,2012,Company - Private,Enterprise Software & Network Solutions,Information Technology,$100 to $500 million (USD),"Leidos, CACI International, Booz Allen Hamilton"
Experienced Data Scientist,4.4,$101K,$165K ,Guzman & Griffin Technologies (GGTI),"Washington, DC","Mays Landing, NJ",1 to 50 employees,1997,Company - Private,Federal Agencies,Government,,
Machine Learning Engineer,,$101K,$165K ,Radical Convergence,"Reston, VA",,,,,,,,
Data Scientist,3.5,$101K,$165K ,Leidos,"Fort Meade, MD","Reston, VA",10000+ employees,1969,Company - Public,Aerospace & Defense,Aerospace & Defense,$10+ billion (USD),
Data Scientist,4.5,$101K,$165K ,Demandbase,"San Francisco, CA","San Francisco, CA",201 to 500 employees,2006,Company - Private,Computer Hardware & Software,Information Technology,$100 to $500 million (USD),"Engagio, Bombora, Terminus"
Say Business Data Analyst,4.1,$101K,$165K ,Shelter Insurance,"Columbia, MO","Columbia, MO",1001 to 5000 employees,1946,Company - Private,Insurance Carriers,Insurance,$1 to $2 billion (USD),
Geospatial Data Scientist,3.5,$101K,$165K ,Maxar Technologies,"Chantilly, VA","Westminster, CO",5001 to 10000 employees,,Company - Public,Aerospace & Defense,Aerospace & Defense,$2 to $5 billion (USD),
Data Analyst,2.7,$101K,$165K ,USAC,"Washington, DC","Washington, DC",501 to 1000 employees,1997,Nonprofit Organization,Telecommunications Services,Telecommunications,$25 to $50 million (USD),
Computational Scientist,3.4,$101K,$165K ,General Dynamics Information Technology,"Vicksburg, MS","Fairfax, VA",10000+ employees,1996,Subsidiary or Business Segment,IT Services,Information Technology,$10+ billion (USD),"SAIC, Leidos, Northrop Grumman"
Data Scientist,4.4,$101K,$165K ,Offerpad,"Chandler, AZ","Chandler, AZ",201 to 500 employees,2015,Company - Private,Real Estate,Real Estate,,
Senior Data Analyst,4,$101K,$165K ,Autodesk,"San Francisco, CA","San Rafael, CA",5001 to 10000 employees,1982,Company - Public,Computer Hardware & Software,Information Technology,$2 to $5 billion (USD),
Senior Data Analyst,4.2,$101K,$165K ,Autodesk,"San Francisco, CA","Herndon, VA",5001 to 10000 employees,1968,Company - Public,Research & Development,Business Services,$1 to $2 billion (USD),
Data Engineer,3.5,$101K,$165K ,Magna International Inc.,"Birmingham, AL","Aurora, Canada",10000+ employees,1957,Company - Public,,,$10+ billion (USD),"Bosch, Lear Corporation, Faurecia"
Sr Data Analyst,2.3,$101K,$165K ,United BioSource,"Blue Bell, PA","Blue Bell, PA",1001 to 5000 employees,2003,Other Organization,Biotech & Pharmaceuticals,Biotech & Pharmaceuticals,$100 to $500 million (USD),"Covance, ICON"
Data Scientist,3.4,$101K,$165K ,Kelly,"Chicago, IL","Troy, MI",5001 to 10000 employees,1946,Company - Public,Staffing & Outsourcing,Business Services,$5 to $10 billion (USD),"Adecco, ManpowerGroup, Allegis Corporation"
"Machine Learning Scientist - Bay Area, CA",3.3,$101K,$165K ,Tempus Labs,"Redwood City, CA","Chicago, IL",501 to 1000 employees,2015,Company - Private,Biotech & Pharmaceuticals,Biotech & Pharmaceuticals,,
Data Scientist,4.7,$101K,$165K ,C3.ai,"Redwood City, CA","Redwood City, CA",201 to 500 employees,2009,Company - Private,Enterprise Software & Network Solutions,Information Technology,$100 to $500 million (USD),"GE Digital, Palantir Technologies, Uptake"
Senior Data Scientist - Algorithms,3.9,$101K,$165K ,Quartet Health,"New York, NY","New York, NY",201 to 500 employees,2014,Company - Private,Enterprise Software & Network Solutions,Information Technology,,
Data Analyst,3.3,$101K,$165K ,Midland Credit Management,"San Diego, CA","San Diego, CA",1001 to 5000 employees,1953,Subsidiary or Business Segment,Banks & Credit Unions,Finance,$1 to $2 billion (USD),PRA Group
Senior Data & Machine Learning Scientist,3.3,$101K,$165K ,Tempus Labs,"Chicago, IL","Chicago, IL",501 to 1000 employees,2015,Company - Private,Biotech & Pharmaceuticals,Biotech & Pharmaceuticals,,
Data Engineer,4.4,$101K,$165K ,Resurgent Capital Services,"Cincinnati, OH","Greenville, SC",201 to 500 employees,1998,Company - Private,Venture Capital & Private Equity,Finance,$50 to $100 million (USD),
"Data Scientist - Statistics, Early Career",3.7,$56K,$97K ,PNNL,"Richland, WA","Richland, WA",1001 to 5000 employees,1965,Government,Energy,"Oil, Gas, Energy & Utilities",$500 million to $1 billion (USD),"Oak Ridge National Laboratory, National Renewable Energy Lab, Los Alamos National Laboratory"
Data Scientist,3.5,$56K,$97K ,Buckman,"Memphis, TN","Memphis, TN",1001 to 5000 employees,1945,Company - Private,Chemical Manufacturing,Manufacturing,$500 million to $1 billion (USD),
Machine Learning Engineer,3.6,$56K,$97K ,Buckman,"Memphis, TN","Arlington, VA",501 to 1000 employees,1967,Nonprofit Organization,Federal Agencies,Government,$50 to $100 million (USD),
Research Scientist - Patient-Centered Research (Remote),3.8,$56K,$97K ,Evidera,"Bethesda, MD","Bethesda, MD",501 to 1000 employees,2013,Subsidiary or Business Segment,Biotech & Pharmaceuticals,Biotech & Pharmaceuticals,$100 to $500 million (USD),"IQVIA, ICON"
Jr. Business Data Analyst (position added 6/12/2020),4.7,$56K,$97K ,webfx.com,"Harrisburg, PA","Harrisburg, PA",201 to 500 employees,1997,Company - Private,Advertising & Marketing,Business Services,$25 to $50 million (USD),
Sr. Data Scientist II,3.5,$56K,$97K ,Argo Group US,"New York, NY","Hamilton, Bermuda",1001 to 5000 employees,1948,Company - Public,Insurance Carriers,Insurance,$1 to $2 billion (USD),
Data Scientist,3.3,$56K,$97K ,BWX Technologies,"Oak Ridge, TN","Lynchburg, VA",5001 to 10000 employees,1850,Company - Public,Aerospace & Defense,Aerospace & Defense,$500 million to $1 billion (USD),
Senior Data Analyst,3.9,$56K,$97K ,Life360,"San Francisco, CA","San Francisco, CA",51 to 200 employees,2008,Company - Public,Internet,Information Technology,,
Lead Data Scientist,3.7,$56K,$97K ,MassMutual,"Boston, MA","Springfield, MA",5001 to 10000 employees,1851,Company - Private,Insurance Carriers,Insurance,$10+ billion (USD),
Production Engineer - Statistics/Data Analysis,3.9,$56K,$97K ,Natera,"San Carlos, CA","San Carlos, CA",501 to 1000 employees,2004,Company - Public,Biotech & Pharmaceuticals,Biotech & Pharmaceuticals,$100 to $500 million (USD),"Genomic Health, 23andMe, Illumina"
Statistical Scientist,4,$56K,$97K ,Genentech,"South San Francisco, CA","South San Francisco, CA",10000+ employees,1976,Subsidiary or Business Segment,Biotech & Pharmaceuticals,Biotech & Pharmaceuticals,$10+ billion (USD),
Computational Behavioral Scientist,4.2,$56K,$97K ,Ntrepid,"Herndon, VA","Herndon, VA",201 to 500 employees,2010,Company - Private,IT Services,Information Technology,$50 to $100 million (USD),"Bromium, FireEye, Authentic8"
Principal Data Scientist - Machine Learning,3.6,$56K,$97K ,Constant Contact,"Waltham, MA","Waltham, MA",Unknown,1995,Subsidiary or Business Segment,Advertising & Marketing,Business Services,,"Drip, iContact, Mailchimp"
Principal Machine Learning Scientist,4.7,$56K,$97K ,Sage Intacct,"San Francisco, CA","San Jose, CA",501 to 1000 employees,1999,Subsidiary or Business Segment,Computer Hardware & Software,Information Technology,,
Data Engineer,4.1,$56K,$97K ,Shape Security,"Santa Clara, CA","Mountain View, CA",51 to 200 employees,2011,Company - Private,IT Services,Information Technology,,
Principal Data Scientist,4,$56K,$97K ,AstraZeneca,"Gaithersburg, MD","Cambridge, United Kingdom",10000+ employees,1913,Company - Public,Biotech & Pharmaceuticals,Biotech & Pharmaceuticals,$10+ billion (USD),"Roche, GlaxoSmithKline, Novartis"
Data Scientist,5,$56K,$97K ,SkillSoniq,"San Francisco, CA","Jersey City, NJ",Unknown,,Company - Public,,,,
Senior Data Scientist - R&D Oncology,4,$56K,$97K ,AstraZeneca,"New York, NY","Cambridge, United Kingdom",10000+ employees,1913,Company - Public,Biotech & Pharmaceuticals,Biotech & Pharmaceuticals,$10+ billion (USD),"Roche, GlaxoSmithKline, Novartis"
Data Scientist,4.3,$56K,$97K ,Joby Aviation,"San Carlos, CA","Santa Cruz, CA",51 to 200 employees,,Company - Private,,,,
"Health Plan Data Analyst, Sr",3.8,$56K,$97K ,Cook Children's Health Care System,"Fort Worth, TX","Fort Worth, TX",5001 to 10000 employees,1918,Nonprofit Organization,Health Care Services & Hospitals,Health Care,$100 to $500 million (USD),"Children's Health, Texas Health Resources, Baylor Scott & White Health"
"Principal Scientist/Associate Director, Quality Control and Analytical Technologies",3.8,$56K,$97K ,Rubius Therapeutics,"Smithfield, RI","Cambridge, MA",201 to 500 employees,2013,Company - Public,Biotech & Pharmaceuticals,Biotech & Pharmaceuticals,$100 to $500 million (USD),
Analytics - Business Assurance Data Analyst,4.6,$56K,$97K ,GreatAmerica Financial Services,"Cedar Rapids, IA","Cedar Rapids, IA",501 to 1000 employees,1992,Company - Private,Lending,Finance,$100 to $500 million (USD),
Data Scientist - Contract,4.1,$79K,$106K ,Upside Business Travel,Remote,"Washington, DC",51 to 200 employees,2015,Company - Private,Internet,Information Technology,,
Data Scientist,3.4,$79K,$106K ,Spectrum Communications and Consulting,"Chicago, IL","Chicago, IL",51 to 200 employees,1992,Company - Private,Advertising & Marketing,Business Services,$10 to $25 million (USD),
Data Scientist,4.1,$79K,$106K ,Coverent,"McLean, VA","McLean, VA",51 to 200 employees,2008,Company - Private,Consulting,Business Services,$10 to $25 million (USD),
Machine Learning Engineer,3.7,$79K,$106K ,Mteq,"Fort Belvoir, VA","Lorton, VA",501 to 1000 employees,1954,Company - Public,Aerospace & Defense,Aerospace & Defense,$100 to $500 million (USD),"Harris, Fibertek"
Data Engineer,4.4,$79K,$106K ,Rocket Lawyer,"San Francisco, CA","San Francisco, CA",51 to 200 employees,2008,Company - Private,Computer Hardware & Software,Information Technology,$50 to $100 million (USD),
"Senior Data Scientist – Image Analytics, Novartis AI Innovation Lab",3.9,$79K,$106K ,Novartis,"Cambridge, MA","Basel, Switzerland",10000+ employees,1996,Company - Public,Biotech & Pharmaceuticals,Biotech & Pharmaceuticals,$10+ billion (USD),
Data Engineer,3.6,$79K,$106K ,Alion Science & Technology,"Linthicum Heights, MD","Mc Lean, VA",1001 to 5000 employees,2001,Company - Private,Research & Development,Business Services,$1 to $2 billion (USD),
Data Science Instructor,4.5,$79K,$106K ,Novetta,"Herndon, VA","Mc Lean, VA",501 to 1000 employees,2012,Company - Private,Enterprise Software & Network Solutions,Information Technology,$100 to $500 million (USD),"Leidos, CACI International, Booz Allen Hamilton"
Senior Business Intelligence Analyst,3.7,$79K,$106K ,Protolabs,"Maple Plain, MN","Maple Plain, MN",1001 to 5000 employees,1999,Company - Public,Miscellaneous Manufacturing,Manufacturing,$100 to $500 million (USD),
In-Line Inspection Data Analyst,2.9,$79K,$106K ,Quest Integrity,"Tulsa, OK","Kent, WA",201 to 500 employees,1996,Company - Public,Oil & Gas Services,"Oil, Gas, Energy & Utilities",$50 to $100 million (USD),
Data Scientist - TS/SCI FSP or CI Required,5,$79K,$106K ,Phoenix Operations Group,"Annapolis Junction, MD","Woodbine, MD",1 to 50 employees,2011,Company - Private,IT Services,Information Technology,$1 to $5 million (USD),
Data Scientist,3.4,$79K,$106K ,Dice.com,"Newton, MA","Denver, CO",201 to 500 employees,1990,Subsidiary or Business Segment,Staffing & Outsourcing,Business Services,$100 to $500 million (USD),"Monster Worldwide, CareerBuilder, Craigslist"
Senior Data Scientist,3.5,$79K,$106K ,Maxar Technologies,"Herndon, VA","Westminster, CO",5001 to 10000 employees,,Company - Public,Aerospace & Defense,Aerospace & Defense,$2 to $5 billion (USD),
Data Scientist - TS/SCI Required,5,$79K,$106K ,Phoenix Operations Group,"Baltimore, MD","Woodbine, MD",1 to 50 employees,2011,Company - Private,IT Services,Information Technology,$1 to $5 million (USD),
Data Science Software Engineer,4.8,$79K,$106K ,Klaviyo,"Boston, MA","Boston, MA",201 to 500 employees,2012,Company - Private,Computer Hardware & Software,Information Technology,,
ENGINEER - COMPUTER SCIENTIST - RESEARCH COMPUTER SCIENTIST - SIGNAL PROCESSING - SAN ANTONIO OR,3.9,$79K,$106K ,Southwest Research Institute,"Oklahoma City, OK","San Antonio, TX",1001 to 5000 employees,1947,Nonprofit Organization,Research & Development,Business Services,$500 million to $1 billion (USD),"Los Alamos National Laboratory, Battelle, SRI International"
AI Ops Data Scientist,4,$79K,$106K ,AstraZeneca,"Gaithersburg, MD","Cambridge, United Kingdom",10000+ employees,1913,Company - Public,Biotech & Pharmaceuticals,Biotech & Pharmaceuticals,$10+ billion (USD),"Roche, GlaxoSmithKline, Novartis"
"Intelligence Data Analyst, Senior",4.3,$79K,$106K ,The Buffalo Group,"Fort Belvoir, VA","Reston, VA",501 to 1000 employees,2010,Company - Private,IT Services,Information Technology,$100 to $500 million (USD),"ManTech, Booz Allen Hamilton, Leidos"
Analytics Manager - Data Mart,3.5,$79K,$106K ,Central California Alliance for Health,"Scotts Valley, CA","Scotts Valley, CA",501 to 1000 employees,1996,Nonprofit Organization,Health Care Services & Hospitals,Health Care,$500 million to $1 billion (USD),
Data Modeler (Analytical Systems),3.7,$79K,$106K ,MassMutual,"Boston, MA","Springfield, MA",5001 to 10000 employees,1851,Company - Private,Insurance Carriers,Insurance,$10+ billion (USD),
"Senior Machine Learning Scientist - Bay Area, CA",3.3,$79K,$106K ,Tempus Labs,"Redwood City, CA","Chicago, IL",501 to 1000 employees,2015,Company - Private,Biotech & Pharmaceuticals,Biotech & Pharmaceuticals,,
Report Writer-Data Analyst,3.1,$79K,$106K ,Security Finance Corporation of Spartanburg,"Spartanburg, SC","Spartanburg, SC",1001 to 5000 employees,1955,Company - Private,Lending,Finance,,
Data Scientist/Machine Learning,4.3,$71K,$123K ,PulsePoint,"New York, NY","New York, NY",51 to 200 employees,2011,Company - Private,Internet,Information Technology,$100 to $500 million (USD),"Crossix Solutions Inc., AppNexus, The Trade Desk"
Data Scientist - Risk,4.2,$71K,$123K ,LSQ,"Orlando, FL","Orlando, FL",51 to 200 employees,1996,Company - Private,Investment Banking & Asset Management,Finance,$100 to $500 million (USD),
Data Engineer,4.4,$71K,$123K ,Resurgent Capital Services,"Cincinnati, OH","Greenville, SC",201 to 500 employees,1998,Company - Private,Venture Capital & Private Equity,Finance,$50 to $100 million (USD),
Staff Data Scientist - Pricing,3.6,$71K,$123K ,Opendoor,"San Francisco, CA","San Francisco, CA",501 to 1000 employees,2014,Company - Private,Real Estate,Real Estate,$2 to $5 billion (USD),
Data Scientist,4.5,$71K,$123K ,Global Data Management Inc,"Hartford, CT","Woodbridge, NJ",51 to 200 employees,2008,Company - Private,IT Services,Information Technology,$5 to $10 million (USD),
Data Scientist,3,$71K,$123K ,Photon Infotech,"Chicago, IL","Chennai, India",1001 to 5000 employees,1999,Company - Private,IT Services,Information Technology,$100 to $500 million (USD),
Data Scientist,5,$71K,$123K ,REE,United States,"Tel Aviv-Yafo, Israel",51 to 200 employees,2018,Company - Private,Transportation Equipment Manufacturing,Manufacturing,,
Machine Learning Engineer,3.6,$71K,$123K ,Riverside Research Institute,"Beavercreek, OH","Arlington, VA",501 to 1000 employees,1967,Nonprofit Organization,Federal Agencies,Government,$50 to $100 million (USD),
Equity Data Insights Analyst - Quantitative Analyst,3.6,$71K,$123K ,T. Rowe Price,"Baltimore, MD","Baltimore, MD",5001 to 10000 employees,1937,Company - Public,Investment Banking & Asset Management,Finance,$2 to $5 billion (USD),
Data Scientist,,$71K,$123K ,"Encode, Inc.","Norfolk, VA","Manalapan, NJ",1 to 50 employees,,Company - Private,IT Services,Information Technology,$5 to $10 million (USD),
Research Scientist - Patient-Centered Research (Remote),3.8,$71K,$123K ,Evidera,"Bethesda, MD","Bethesda, MD",501 to 1000 employees,2013,Subsidiary or Business Segment,Biotech & Pharmaceuticals,Biotech & Pharmaceuticals,$100 to $500 million (USD),"IQVIA, ICON"
Data Scientist,3.3,$71K,$123K ,BWX Technologies,"Oak Ridge, TN","Lynchburg, VA",5001 to 10000 employees,1850,Company - Public,Aerospace & Defense,Aerospace & Defense,$500 million to $1 billion (USD),
Operations Data Analyst,3.8,$71K,$123K ,Brighthouse Financial,"Charlotte, NC","Charlotte, NC",1001 to 5000 employees,2017,Company - Public,Insurance Carriers,Insurance,,
Sr. Data Scientist II,3.5,$71K,$123K ,Argo Group US,"New York, NY","Hamilton, Bermuda",1001 to 5000 employees,1948,Company - Public,Insurance Carriers,Insurance,$1 to $2 billion (USD),
Data Scientist,3.3,$71K,$123K ,II-VI Incorporated,"Champaign, IL","Saxonburg, PA",10000+ employees,1971,Company - Public,Telecommunications Manufacturing,Telecommunications,$1 to $2 billion (USD),"Lumentum Operations, Keysight Technologies, O-Net Technologies"
Data Scientist,4.6,$71K,$123K ,Surya Systems,"San Francisco, CA","Bristol, PA",1 to 50 employees,,Company - Private,Computer Hardware & Software,Information Technology,Less than $1 million (USD),
Data Scientist,3.8,$71K,$123K ,PayPal,Texas,"San Jose, CA",10000+ employees,1998,Company - Public,Internet,Information Technology,$10+ billion (USD),"Square, Amazon, Apple"
Senior Data Analyst,3.9,$71K,$123K ,Life360,"San Francisco, CA","San Francisco, CA",51 to 200 employees,2008,Company - Public,Internet,Information Technology,,
Data Scientist,3.9,$71K,$123K ,Predictive Research Inc,"Plano, TX","Bangalore, India",1 to 50 employees,,Company - Private,Consulting,Business Services,,
Data Scientist,4.7,$90K,$124K ,Oversight Systems,"Atlanta, GA","Atlanta, GA",51 to 200 employees,2003,Company - Private,Computer Hardware & Software,Information Technology,$25 to $50 million (USD),
Senior Research Statistician- Data Scientist,4.8,$90K,$124K ,Acuity Insurance,"Sheboygan, WI","Sheboygan, WI",1001 to 5000 employees,1925,Company - Private,Insurance Carriers,Insurance,$1 to $2 billion (USD),
Software Data Engineer,3.1,$90K,$124K ,1010data,"New York, NY","New York, NY",201 to 500 employees,2000,Company - Private,Computer Hardware & Software,Information Technology,$50 to $100 million (USD),
Data Scientist,3.6,$90K,$124K ,Gigya,"Palo Alto, CA","Mountain View, CA",201 to 500 employees,2006,Company - Private,Enterprise Software & Network Solutions,Information Technology,$10 to $25 million (USD),
Real World Evidence (RWE) Scientist,5,$90K,$124K ,Genesis Research,"Hoboken, NJ","Hoboken, NJ",1 to 50 employees,2009,Company - Private,Biotech & Pharmaceuticals,Biotech & Pharmaceuticals,,
Data Scientist,3.7,$90K,$124K ,Sanofi,"Cambridge, MA","Paris, France",10000+ employees,1973,Company - Public,Biotech & Pharmaceuticals,Biotech & Pharmaceuticals,$10+ billion (USD),"Pfizer, GlaxoSmithKline"
Data Scientist,3.7,$90K,$124K ,XPO Logistics,"Lebanon, IN","Greenwich, CT",10000+ employees,2011,Company - Public,Transportation Management,Transportation & Logistics,$10+ billion (USD),"DHL Supply Chain, UPS, FedEx"
Data Scientist,3.9,$90K,$124K ,Trace Data,"Oakland, CA","Santa Ana, CA",51 to 200 employees,2000,Company - Private,Insurance Carriers,Insurance,$10 to $25 million (USD),
Data Scientist,4.3,$90K,$124K ,Descript,"San Francisco, CA","Houston, TX",1 to 50 employees,,Company - Private,,,Less than $1 million (USD),
Computer Scientist 1,4.2,$90K,$124K ,Rincon Research Corporation,"Melbourne, FL","Tucson, AZ",201 to 500 employees,1983,Company - Private,Aerospace & Defense,Aerospace & Defense,$50 to $100 million (USD),"Raytheon Technologies, General Dynamics, MIT Lincoln Laboratory"
Lead Data Scientist,3.7,$90K,$124K ,MassMutual,"Boston, MA","Springfield, MA",5001 to 10000 employees,1851,Company - Private,Insurance Carriers,Insurance,$10+ billion (USD),
Data Scientist,4,$90K,$124K ,Better Hire,"Birmingham, AL","Birmingham, AL",1 to 50 employees,,Company - Private,,,,
Data Scientist,3.3,$90K,$124K ,Parker Hannifin,"Cleveland, OH","Cleveland, OH",10000+ employees,1917,Company - Public,Industrial Manufacturing,Manufacturing,$10+ billion (USD),"Eaton, SMC Corporation, Bosch Rexroth"
Data Scientist,4.1,$90K,$124K ,Gallup,"New York, NY","Washington, DC",1001 to 5000 employees,1935,Company - Private,Consulting,Business Services,,"Advisory Board, Booz Allen Hamilton, McKinsey & Company"
Data Scientist,3.3,$90K,$124K ,Insider Inc,"New York, NY","New York, NY",201 to 500 employees,2007,Company - Private,News Outlet,Media,$50 to $100 million (USD),
Data Scientist,3.9,$90K,$124K ,Rapid Value Solutions,"San Francisco, CA","Pleasanton, CA",201 to 500 employees,2009,Company - Private,IT Services,Information Technology,,
Environmental Data Science,3.1,$90K,$124K ,Battelle,"Norwell, MA","Columbus, OH",10000+ employees,1929,Nonprofit Organization,Research & Development,Business Services,$5 to $10 billion (USD),
Computational Behavioral Scientist,4.2,$90K,$124K ,Ntrepid,"Herndon, VA","Herndon, VA",201 to 500 employees,2010,Company - Private,IT Services,Information Technology,$50 to $100 million (USD),"Bromium, FireEye, Authentic8"
Data Scientist,5,$90K,$124K ,"The Drive Media, Inc.","New York, NY",,Unknown,,Unknown,,,,
Staff BI and Data Engineer,2.9,$90K,$124K ,Affinity Solutions,"San Jose, CA","New York, NY",51 to 200 employees,1998,Company - Private,Advertising & Marketing,Business Services,,"Commerce Signals, Cardlytics, Yodlee"
Principal Machine Learning Scientist,4.7,$90K,$124K ,Sage Intacct,"San Francisco, CA","San Jose, CA",501 to 1000 employees,1999,Subsidiary or Business Segment,Computer Hardware & Software,Information Technology,,
Principal Data Scientist - Machine Learning,3.6,$90K,$124K ,Constant Contact,"Waltham, MA","Waltham, MA",Unknown,1995,Subsidiary or Business Segment,Advertising & Marketing,Business Services,,"Drip, iContact, Mailchimp"
Data Scientist-Human Resources,3.8,$91K,$150K ,MIT Lincoln Laboratory,"Lexington, MA","Lexington, MA",1001 to 5000 employees,1951,Nonprofit Organization,Aerospace & Defense,Aerospace & Defense,,
Associate Data Scientist,3.3,$91K,$150K ,Puget Sound Energy,"Bothell, WA","Bellevue, WA",1001 to 5000 employees,1999,Company - Private,Utilities,"Oil, Gas, Energy & Utilities",$2 to $5 billion (USD),
"Data Scientist - Statistics, Mid-Career",3.7,$91K,$150K ,Pacific Northwest National Laboratory,"Richland, WA","Richland, WA",1001 to 5000 employees,1965,Government,Energy,"Oil, Gas, Energy & Utilities",$500 million to $1 billion (USD),"Oak Ridge National Laboratory, National Renewable Energy Lab, Los Alamos National Laboratory"
Director of Data Science,3.8,$91K,$150K ,Analysis Group,"Boston, MA","Boston, MA",1001 to 5000 employees,1981,Private Practice / Firm,Consulting,Business Services,$100 to $500 million (USD),
Data Scientist,3.2,$91K,$150K ,US Pharmacopeia,"Rockville, MD","Rockville, MD",1001 to 5000 employees,1820,Nonprofit Organization,Biotech & Pharmaceuticals,Biotech & Pharmaceuticals,$100 to $500 million (USD),
Data Scientist,4.6,$91K,$150K ,Itlize Global,"Piscataway, NJ","Piscataway, NJ",201 to 500 employees,2010,Company - Private,IT Services,Information Technology,$10 to $25 million (USD),
Data Scientist,3.5,$91K,$150K ,eBay,"San Jose, CA","San Jose, CA",10000+ employees,1995,Company - Public,Internet,Information Technology,$10+ billion (USD),"Amazon, Apple"
"Data Engineer, Digital & Comp Pathology",5,$91K,$150K ,Paige,"New York, NY","New York, NY",1 to 50 employees,2018,Company - Private,Enterprise Software & Network Solutions,Information Technology,,
Data Engineer,4.1,$91K,$150K ,Shape Security,"Santa Clara, CA","Mountain View, CA",51 to 200 employees,2011,Company - Private,IT Services,Information Technology,,
"Manager / Lead, Data Science & Analytics",4.1,$91K,$150K ,ABIOMED,"Danvers, MA","Danvers, MA",1001 to 5000 employees,1981,Company - Public,Biotech & Pharmaceuticals,Biotech & Pharmaceuticals,$100 to $500 million (USD),"Covidien, Boston Scientific"
Data Scientist,3.5,$91K,$150K ,Comcast,"New York, NY","Philadelphia, PA",10000+ employees,1963,Company - Public,,,$10+ billion (USD),"AT&T, Verizon"
Data Scientist,3.2,$91K,$150K ,"Metronome, LLC","Vienna, VA","Fairfax, VA",51 to 200 employees,2011,Company - Private,IT Services,Information Technology,$10 to $25 million (USD),
Data Scientist,5,$91K,$150K ,SkillSoniq,"San Francisco, CA","Jersey City, NJ",Unknown,,Company - Public,,,,
Data Scientist,4.7,$91K,$150K ,Lawrence Livermore National Lab,"Livermore, CA","Livermore, CA",1001 to 5000 employees,1952,Government,Federal Agencies,Government,$1 to $2 billion (USD),"Los Alamos National Laboratory, NASA Jet Propulsion Laboratory, Sandia National Laboratories"
Diversity and Inclusion Data Analyst,3.8,$91K,$150K ,FHLBank Pittsburgh,"Pittsburgh, PA","Pittsburgh, PA",201 to 500 employees,1932,Company - Private,Banks & Credit Unions,Finance,$1 to $2 billion (USD),
Data Scientist,3.6,$91K,$150K ,Jacobs,"Herndon, VA","Dallas, TX",10000+ employees,1947,Company - Public,Architectural & Engineering Services,Business Services,$10+ billion (USD),"Fluor, Bechtel, AECOM"
Data Scientist,4.8,$91K,$150K ,Klaviyo,"Boston, MA","Boston, MA",201 to 500 employees,2012,Company - Private,Computer Hardware & Software,Information Technology,,
Data Scientist,3.3,$91K,$150K ,Underwriters Laboratories,"Northbrook, IL","Northbrook, IL",10000+ employees,1894,Company - Private,Consulting,Business Services,$2 to $5 billion (USD),"Intertek, SGS, Bureau Veritas"
Data Scientist,3.7,$91K,$150K ,Altus Group,"Irvine, CA","Toronto, Canada",1001 to 5000 employees,2005,Company - Public,Real Estate,Real Estate,$100 to $500 million (USD),
Data Scientist,5,$91K,$150K ,Jobot,"Irvine, CA","Irvine, CA",51 to 200 employees,2018,Company - Private,Staffing & Outsourcing,Business Services,$25 to $50 million (USD),
Data Scientist,,$91K,$150K ,Trovetechs Inc,"San Francisco, CA","Hillsborough, NJ",Unknown,,Company - Private,,,,
Senior Analyst/Data Scientist,3.4,$141K,$225K ,Edmunds.com,"Santa Monica, CA","Santa Monica, CA",501 to 1000 employees,1966,Company - Private,Internet,Information Technology,$100 to $500 million (USD),"TrueCar, Cars.com, Kelley Blue Book"
Data Scientist,5,$141K,$225K ,Cohere Health,"Boston, MA","Boston, MA",1 to 50 employees,2019,Company - Private,IT Services,Information Technology,,
Data Scientist,,$141K,$225K ,Trovetechs Inc,"San Francisco, CA","Hillsborough, NJ",Unknown,,Company - Private,,,,
Senior Data Scientist - R&D Oncology,4,$141K,$225K ,AstraZeneca,"New York, NY","Cambridge, United Kingdom",10000+ employees,1913,Company - Public,Biotech & Pharmaceuticals,Biotech & Pharmaceuticals,$10+ billion (USD),"Roche, GlaxoSmithKline, Novartis"
Data Scientist,4.2,$141K,$225K ,Oshkosh Corporation,"Oshkosh, WI","Oshkosh, WI",10000+ employees,1917,Company - Public,Transportation Equipment Manufacturing,Manufacturing,$5 to $10 billion (USD),"Lockheed Martin, Caterpillar, John Deere"
Data Scientist,4.3,$141K,$225K ,Joby Aviation,"San Carlos, CA","Santa Cruz, CA",51 to 200 employees,,Company - Private,,,,
Data Scientist,3.4,$141K,$225K ,Mackin,"Menlo Park, CA","Pittsburgh, PA",51 to 200 employees,1960,Company - Private,Architectural & Engineering Services,Business Services,$10 to $25 million (USD),
Data Scientist,,$141K,$225K ,PETADATA,"San Francisco, CA","Fremont, CA",51 to 200 employees,,Company - Private,,,,
Data Scientist,4.4,$141K,$225K ,VBeyond Corporation,"Dallas, TX","Hillsborough, NJ",201 to 500 employees,2006,Company - Private,Staffing & Outsourcing,Business Services,$5 to $10 million (USD),
Data Scientist Machine Learning,3.5,$141K,$225K ,Leidos,"Arlington, VA","Reston, VA",10000+ employees,1969,Company - Public,Aerospace & Defense,Aerospace & Defense,$10+ billion (USD),
Data Scientist,3.7,$141K,$225K ,Take-Two,"San Francisco, CA","New York, NY",1001 to 5000 employees,1993,Company - Public,Video Games,Media,$1 to $2 billion (USD),"Activision Blizzard, Electronic Arts"
Data Scientist,3.7,$141K,$225K ,Colony Brands,"Monroe, WI","Monroe, WI",501 to 1000 employees,,Company - Private,Food & Beverage Stores,Retail,$100 to $500 million (USD),
Data Scientist,4.1,$141K,$225K ,Capio Group,"Sacramento, CA","Goteborg, Sweden",10000+ employees,,Hospital,Health Care Services & Hospitals,Health Care,,
Data Scientist,3.4,$141K,$225K ,SleePare,"New York, NY","New York, NY",1 to 50 employees,2017,Company - Private,Other Retail Stores,Retail,,
Data Analyst,4.5,$141K,$225K ,ShorePoint,"Reston, VA","Washington, DC",1 to 50 employees,2017,Company - Private,IT Services,Information Technology,,
Data Scientist,3.5,$141K,$225K ,Dolphin,"New York, NY","Lake Buena Vista, FL",1001 to 5000 employees,1990,Company - Private,"Hotels, Motels, & Resorts",Travel & Tourism,,
Data Scientist,3.6,$141K,$225K ,TE Connectivity,"Hampton, VA","Schaffhausen, Switzerland",10000+ employees,2007,Company - Public,Electrical & Electronic Manufacturing,Manufacturing,$10+ billion (USD),
Data Scientist,3.2,$141K,$225K ,State of Virginia,"Richmond, VA","Richmond, VA",10000+ employees,1788,Government,State & Regional Agencies,Government,$10+ billion (USD),
Data Scientist,3.7,$141K,$225K ,TA Digital,"New York, NY","Newark, CA",501 to 1000 employees,2000,Company - Private,Computer Hardware & Software,Information Technology,$25 to $50 million (USD),
Data Scientist,4,$141K,$225K ,Market America Inc,"Monterey, CA","Greensboro, NC",501 to 1000 employees,1992,Company - Private,Other Retail Stores,Retail,$100 to $500 million (USD),
Data Scientist,3.2,$145K,$225K,Triplebyte,"Chicago, IL","San Francisco, CA",51 to 200 employees,2015,Company - Private,Computer Hardware & Software,Information Technology,,
Data Scientist,4.5,$145K,$225K,Kingfisher Systems,"McLean, VA","Falls Church, VA",51 to 200 employees,2005,Company - Private,Federal Agencies,Government,$25 to $50 million (USD),
Chief Scientist,3.4,$145K,$225K,TrueAccord,Remote,"San Francisco, CA",51 to 200 employees,2013,Company - Private,Enterprise Software & Network Solutions,Information Technology,,
Data Scientist,3.9,$145K,$225K,ALTA IT Services,"Woodlawn, MD","Rockville, MD",201 to 500 employees,2004,Company - Private,IT Services,Information Technology,$10 to $25 million (USD),
Data Scientist,3.2,$145K,$225K,Kollasoft Inc.,United States,"Scottsdale, AZ",1 to 50 employees,,Company - Private,IT Services,Information Technology,$1 to $5 million (USD),
Data Scientist,5,$145K,$225K,Kollasoft Inc.,"New York, NY","Irving, TX",Unknown,,Company - Public,,,,
Data Scientist,3.4,$145K,$225K,ASRC Federal Holding Company,"Reston, VA","Beltsville, MD",5001 to 10000 employees,2003,Company - Private,Aerospace & Defense,Aerospace & Defense,$500 million to $1 billion (USD),
Data Scientist,4.4,$145K,$225K,Adwait Algorithm,"New York, NY","Houston, TX",51 to 200 employees,2015,Company - Private,IT Services,Information Technology,,
"Health Plan Data Analyst, Sr",3.8,$145K,$225K,Cook Children's Health Care System,"Fort Worth, TX","Fort Worth, TX",5001 to 10000 employees,1918,Nonprofit Organization,Health Care Services & Hospitals,Health Care,$100 to $500 million (USD),"Children's Health, Texas Health Resources, Baylor Scott & White Health"
"Principal Scientist/Associate Director, Quality Control and Analytical Technologies",3.8,$145K,$225K,Rubius Therapeutics,"Smithfield, RI","Cambridge, MA",201 to 500 employees,2013,Company - Public,Biotech & Pharmaceuticals,Biotech & Pharmaceuticals,$100 to $500 million (USD),
Data Scientist,3.5,$145K,$225K,Cambridge FX,"Atlanta, GA","Toronto, Canada",201 to 500 employees,1992,Company - Public,Financial Transaction Processing,Finance,$100 to $500 million (USD),
Senior Data Scientist,3.8,$145K,$225K,Metromile,"San Francisco, CA","San Francisco, CA",201 to 500 employees,2011,Company - Private,Insurance Carriers,Insurance,,
Data Scientist,3.9,$145K,$225K,Criteo,"Ann Arbor, MI","Paris, France",1001 to 5000 employees,2005,Company - Public,Internet,Information Technology,$2 to $5 billion (USD),"MediaMath, Conversant, AppNexus"
Data Scientist,3.4,$145K,$225K,Advance Sourcing Concepts,"Pittsburgh, PA","Pittsburgh, PA",51 to 200 employees,,Company - Private,,,$1 to $5 million (USD),
Data Scientist,3.8,$145K,$225K,Enterprise Solutions Inc,"New York, NY","Naperville, IL",51 to 200 employees,2000,Company - Private,Staffing & Outsourcing,Business Services,$25 to $50 million (USD),
Analytics - Business Assurance Data Analyst,4.6,$145K,$225K,GreatAmerica Financial Services,"Cedar Rapids, IA","Cedar Rapids, IA",501 to 1000 employees,1992,Company - Private,Lending,Finance,$100 to $500 million (USD),
Data Scientist,,$145K,$225K,Microagility,"New York, NY","Princeton, NJ",1 to 50 employees,,Company - Private,Consulting,Business Services,$1 to $5 million (USD),
Data Scientist,4.6,$145K,$225K,"Conch Technologies, Inc","Concord, CA","Memphis, TN",51 to 200 employees,,Company - Private,Consulting,Business Services,$5 to $10 million (USD),
"Development Scientist, Voltaren",3.9,$145K,$225K,GSK,"Richmond, VA","Brentford, United Kingdom",10000+ employees,1830,Company - Public,Biotech & Pharmaceuticals,Biotech & Pharmaceuticals,$10+ billion (USD),"Pfizer, AstraZeneca, Merck"
Data Scientist,,$145K,$225K,"Rainmaker Resources, LLC","Cincinnati, OH","Cincinnati, OH",1 to 50 employees,,Company - Private,,,,
Data Scientist,3.7,$79K,$147K ,GovTech,"San Francisco, CA","Singapore, Singapore",1001 to 5000 employees,2016,Government,Federal Agencies,Government,,
Data Scientist,3.3,$79K,$147K ,Intellectual Ventures,"Bellevue, WA","Bellevue, WA",501 to 1000 employees,2000,Company - Private,Investment Banking & Asset Management,Finance,,
Data Engineer,4.4,$79K,$147K ,Rocket Lawyer,"San Francisco, CA","San Francisco, CA",51 to 200 employees,2008,Company - Private,Computer Hardware & Software,Information Technology,$50 to $100 million (USD),
Data Scientist,3.7,$79K,$147K ,22nd Century Technologies,"Oakland, CA","Somerset, NJ",1001 to 5000 employees,1997,Company - Private,IT Services,Information Technology,$25 to $50 million (USD),
Data Scientist,3.3,$79K,$147K ,Huxley,"San Francisco, CA","London, United Kingdom",201 to 500 employees,1995,Company - Private,Staffing & Outsourcing,Business Services,$25 to $50 million (USD),
Data Scientist,3.4,$79K,$147K ,FM Systems,"Boston, MA","Raleigh, NC",51 to 200 employees,1984,Company - Private,Computer Hardware & Software,Information Technology,$5 to $10 million (USD),"Archibus, iOffice, Planon"
Data Scientist,,$79K,$147K ,B4Corp,"Reston, VA","Leesburg, VA",51 to 200 employees,,Company - Private,IT Services,Information Technology,,
Machine Learning Engineer,3.7,$79K,$147K ,Mteq,"Fort Belvoir, VA","Lorton, VA",501 to 1000 employees,1954,Company - Public,Aerospace & Defense,Aerospace & Defense,$100 to $500 million (USD),"Harris, Fibertek"
Principal Data & Analytics Platform Engineer,3.7,$79K,$147K ,Blue Cross and Blue Shield of North Carolina,"Durham, NC","Durham, NC",1001 to 5000 employees,1933,Company - Private,Insurance Carriers,Insurance,$5 to $10 billion (USD),
Machine Learning Engineer/Scientist,4.8,$79K,$147K ,Jane Street,"New York, NY","New York, NY",501 to 1000 employees,2000,Company - Private,Investment Banking & Asset Management,Finance,,
Data Scientist,5,$79K,$147K ,SSATI,"McLean, VA","Annapolis Junction, MD",1 to 50 employees,2003,Company - Private,Computer Hardware & Software,Information Technology,$10 to $25 million (USD),
"Senior Data Scientist – Image Analytics, Novartis AI Innovation Lab",3.9,$79K,$147K ,Novartis,"Cambridge, MA","Basel, Switzerland",10000+ employees,1996,Company - Public,Biotech & Pharmaceuticals,Biotech & Pharmaceuticals,$10+ billion (USD),
Data Scientist,3.4,$79K,$147K ,Solving IT International Inc,"Chicago, IL","Chicago, IL",501 to 1000 employees,,Company - Private,,,,
Data Scientist,3.3,$79K,$147K ,The Davey Tree Expert Company,"Kent, OH","Kent, OH",10000+ employees,1880,Self-employed,Timber Operations,Agriculture & Forestry,$1 to $2 billion (USD),"ACRT Services, Bartlett Tree Experts"
Data Scientist,4.6,$79K,$147K ,Centauri,"Reston, VA","Chantilly, VA",501 to 1000 employees,1999,Company - Private,Aerospace & Defense,Aerospace & Defense,$100 to $500 million (USD),"TASC, Vencore, Booz Allen Hamilton"
Data Scientist,,$79K,$147K ,Stride Search,"San Francisco, CA","Westlake Village, CA",1 to 50 employees,,Company - Private,,,Less than $1 million (USD),
Machine Learning Engineer,2.6,$79K,$147K ,Software Engineering Institute,"Pittsburgh, PA","Pittsburgh, PA",501 to 1000 employees,1984,College / University,Colleges & Universities,Education,,
Data Analyst - Unilever Prestige,3.8,$79K,$147K ,Dermalogica,"Carson, CA","Carson, CA",201 to 500 employees,1986,Subsidiary or Business Segment,Consumer Products Manufacturing,Manufacturing,$100 to $500 million (USD),"IMAGE Skincare, Aveda, Kiehl's"
Data Scientist,4.8,$79K,$147K ,TechProjects,"New York, NY","North Brunswick, NJ",1 to 50 employees,2011,Company - Private,IT Services,Information Technology,,
"VP, Data Science",3.9,$79K,$147K ,7Park Data,"New York, NY","New York, NY",51 to 200 employees,2012,Company - Private,Research & Development,Business Services,,
Data Scientist,4,$122K,$146K ,Netskope,"Santa Clara, CA","Santa Clara, CA",501 to 1000 employees,2012,Company - Private,Enterprise Software & Network Solutions,Information Technology,,"Skyhigh Networks, Zscaler, NortonLifeLock"
Data Scientist,4.2,$122K,$146K ,Eversight,"Palo Alto, CA","Palo Alto, CA",51 to 200 employees,2013,Company - Private,Enterprise Software & Network Solutions,Information Technology,$10 to $25 million (USD),
Senior Business Intelligence Analyst,3.7,$122K,$146K ,Protolabs,"Maple Plain, MN","Maple Plain, MN",1001 to 5000 employees,1999,Company - Public,Miscellaneous Manufacturing,Manufacturing,$100 to $500 million (USD),
Data Scientist,3,$122K,$146K ,Ameritas Life Insurance Corp,"Cincinnati, OH","Lincoln, NE",1001 to 5000 employees,1887,Company - Private,Insurance Agencies & Brokerages,Insurance,$2 to $5 billion (USD),
Data Engineer - Kafka,3.5,$122K,$146K ,Western Digital,"San Jose, CA","San Jose, CA",10000+ employees,1970,Company - Public,Computer Hardware & Software,Information Technology,$10+ billion (USD),"Seagate Technology, Toshiba"
Data Scientist,2.9,$122K,$146K ,"Shimento, Inc.","Santa Clara, CA","Benicia, CA",1 to 50 employees,,Company - Private,,,$1 to $5 million (USD),
Data Scientist,5,$122K,$146K ,Averity,"New York, NY","New York, NY",1 to 50 employees,2014,Company - Private,Staffing & Outsourcing,Business Services,,
Data Scientist,4.7,$122K,$146K ,Praxis Engineering,"Chantilly, VA","Annapolis Junction, MD",201 to 500 employees,2002,Subsidiary or Business Segment,Computer Hardware & Software,Information Technology,$100 to $500 million (USD),"Raytheon Technologies, Northrop Grumman, Booz Allen Hamilton"
Data Scientist,,$122K,$146K ,Point72 Ventures,"Palo Alto, CA",,,,,,,,
Decision Scientist,4.5,$122K,$146K ,Johns Hopkins University Applied Physics Laboratory,"Laurel, MD","Laurel, MD",5001 to 10000 employees,1942,Nonprofit Organization,Aerospace & Defense,Aerospace & Defense,$1 to $2 billion (USD),"MIT Lincoln Laboratory, Lockheed Martin, Northrop Grumman"
Data Scientist,4.9,$122K,$146K ,Cambridge Mobile Telematics,"Cambridge, MA","Cambridge, MA",1 to 50 employees,2010,Company - Private,Enterprise Software & Network Solutions,Information Technology,,
Data Science All Star Program - Data Engineer Track,4.6,$122K,$146K ,Blend360,"Columbia, MD","Columbia, MD",51 to 200 employees,2002,Company - Private,Consulting,Business Services,,
Data Scientist - TS/SCI FSP or CI Required,5,$122K,$146K ,Phoenix Operations Group,"Annapolis Junction, MD","Woodbine, MD",1 to 50 employees,2011,Company - Private,IT Services,Information Technology,$1 to $5 million (USD),
Data Analyst,3.9,$122K,$146K ,Nolij Consulting,"Falls Church, VA","Vienna, VA",51 to 200 employees,2012,Company - Public,Consulting,Business Services,$1 to $5 million (USD),
Data Scientist,,$122K,$146K ,Hatch Data Inc,"San Francisco, CA",,,,,,,,
Data Scientist,,$122K,$146K ,Hatch Data Inc,"San Francisco, CA",,,,,,,,
Data Scientist,,$122K,$146K ,Hatch Data Inc,"San Francisco, CA",,,,,,,,
Data Scientist,,$122K,$146K ,Hatch Data Inc,"San Francisco, CA",,,,,,,,
Data Scientist,,$122K,$146K ,Hatch Data Inc,"San Francisco, CA",,,,,,,,
Data Scientist,,$122K,$146K ,Hatch Data Inc,"San Francisco, CA",,,,,,,,
Senior Data Scientist,3.5,$122K,$146K ,Maxar Technologies,"Herndon, VA","Westminster, CO",5001 to 10000 employees,,Company - Public,Aerospace & Defense,Aerospace & Defense,$2 to $5 billion (USD),
Data Scientist,4.3,$112K,$116K ,Quick Base,"Cambridge, MA","Cambridge, MA",201 to 500 employees,1999,Company - Private,Enterprise Software & Network Solutions,Information Technology,,
Data Scientist,3.7,$112K,$116K ,Takeda,"Cambridge, MA","OSAKA, Japan",10000+ employees,1781,Company - Public,Biotech & Pharmaceuticals,Biotech & Pharmaceuticals,$10+ billion (USD),"Novartis, Baxter, Pfizer"
Data Scientist,3.5,$112K,$116K ,Maxar Technologies,"Herndon, VA","Westminster, CO",5001 to 10000 employees,,Company - Public,Aerospace & Defense,Aerospace & Defense,$2 to $5 billion (USD),
ENGINEER - COMPUTER SCIENTIST - RESEARCH COMPUTER SCIENTIST - SIGNAL PROCESSING - SAN ANTONIO OR,3.9,$112K,$116K ,Southwest Research Institute,"Oklahoma City, OK","San Antonio, TX",1001 to 5000 employees,1947,Nonprofit Organization,Research & Development,Business Services,$500 million to $1 billion (USD),"Los Alamos National Laboratory, Battelle, SRI International"
Data Scientist,4.7,$112K,$116K ,Compass Consulting Group,"Thousand Oaks, CA","Danville, CA",51 to 200 employees,2008,Company - Private,Consulting,Business Services,,
Data Science Software Engineer,4.8,$112K,$116K ,Klaviyo,"Boston, MA","Boston, MA",201 to 500 employees,2012,Company - Private,Computer Hardware & Software,Information Technology,,
AI Ops Data Scientist,4,$112K,$116K ,AstraZeneca,"Gaithersburg, MD","Cambridge, United Kingdom",10000+ employees,1913,Company - Public,Biotech & Pharmaceuticals,Biotech & Pharmaceuticals,$10+ billion (USD),"Roche, GlaxoSmithKline, Novartis"
Data Scientist,4.4,$112K,$116K ,"SolutionIT, Inc.","Edison, NJ","Wilmington, MA",51 to 200 employees,,Company - Private,,,,
Data Scientist,3.2,$112K,$116K ,Perspecta,"Adelphi, MD","Chantilly, VA",10000+ employees,2018,Company - Public,Aerospace & Defense,Aerospace & Defense,,
Data Scientist,4.5,$112K,$116K ,Smith Hanley Associates,"Washington, DC","New York, 061",1 to 50 employees,1980,Company - Private,Staffing & Outsourcing,Business Services,,"Kforce, PageGroup, Robert Half"
Scientist - Machine Learning,3.5,$112K,$116K ,Allen Institute,"Seattle, WA","Seattle, WA",201 to 500 employees,2003,Nonprofit Organization,Research & Development,Business Services,$100 to $500 million (USD),
Data Scientist,4.4,$112K,$116K ,Eliassen Group,"Plano, TX","Reading, MA",1001 to 5000 employees,1989,Company - Private,Staffing & Outsourcing,Business Services,$100 to $500 million (USD),"TEKsystems, Kforce, Randstad US"
Data Scientist,3.1,$112K,$116K ,Bayside Solutions,"Sunnyvale, CA","Pleasanton, CA",1 to 50 employees,2001,Company - Private,Staffing & Outsourcing,Business Services,$1 to $5 million (USD),
Sr. Data Scientist,3.5,$112K,$116K ,Evolve Vacation Rental,"Denver, CO","Denver, CO",201 to 500 employees,2011,Company - Private,Travel Agencies,Travel & Tourism,,
Data Scientist,3.8,$112K,$116K ,AgreeYa Solutions,"Thousand Oaks, CA","Folsom, CA",1001 to 5000 employees,1999,Company - Private,IT Services,Information Technology,$50 to $100 million (USD),
Data Scientist,3.7,$112K,$116K ,Carolina Power & Light Co,"McLean, VA","Raleigh, NC",5001 to 10000 employees,1908,Subsidiary or Business Segment,Energy,"Oil, Gas, Energy & Utilities",,"South Carolina Electric & Gas, Virginia Electric and Power"
Analytics Manager - Data Mart,3.5,$112K,$116K ,Central California Alliance for Health,"Scotts Valley, CA","Scotts Valley, CA",501 to 1000 employees,1996,Nonprofit Organization,Health Care Services & Hospitals,Health Care,$500 million to $1 billion (USD),
Data Modeler (Analytical Systems),3.7,$112K,$116K ,MassMutual,"Boston, MA","Springfield, MA",5001 to 10000 employees,1851,Company - Private,Insurance Carriers,Insurance,$10+ billion (USD),
Applied AI Scientist / Engineer,5,$112K,$116K ,"New Iron Group, Inc.","Boston, MA","Austin, TX",1 to 50 employees,2003,Contract,Computer Hardware & Software,Information Technology,,
"Data Engineer (Analytics, SQL, Python, AWS)",4,$112K,$116K ,Travelers,"Hartford, CT","Hartford, CT",10000+ employees,1853,Company - Public,Insurance Carriers,Insurance,$10+ billion (USD),
Senior Data Analyst - Finance & Platform Analytics,3.6,$112K,$116K ,Twitch,"San Francisco, CA","San Francisco, CA",1001 to 5000 employees,2011,Subsidiary or Business Segment,Internet,Information Technology,,
Senior Data Scientist,4.8,$110K,$163K ,Klaviyo,"Boston, MA","Boston, MA",201 to 500 employees,2012,Company - Private,Computer Hardware & Software,Information Technology,,
Market Research Data Scientist,3.8,$110K,$163K ,GutCheck,"Denver, CO","Denver, CO",51 to 200 employees,2009,Company - Private,Advertising & Marketing,Business Services,$10 to $25 million (USD),"Nielsen, Zappi, SurveyMonkey"
IT Partner Digital Health Technology and Data Science,3.6,$110K,$163K ,Biogen,"Cambridge, MA","Cambridge, MA",5001 to 10000 employees,1978,Company - Public,Biotech & Pharmaceuticals,Biotech & Pharmaceuticals,$10+ billion (USD),
Data Scientist,,$110K,$163K ,HireAi,"San Francisco, CA",,,,,,,,
Data Scientist,,$110K,$163K ,HireAi,"San Francisco, CA",,,,,,,,
"Senior Machine Learning Scientist - Bay Area, CA",3.3,$110K,$163K ,Tempus Labs,"Redwood City, CA","Chicago, IL",501 to 1000 employees,2015,Company - Private,Biotech & Pharmaceuticals,Biotech & Pharmaceuticals,,
"Software Engineer (Data Scientist, C,C++,Linux,Unix) - SISW - MG",4.1,$110K,$163K ,Mentor Graphics,"Fremont, CA","Wilsonville, OR",5001 to 10000 employees,1981,Company - Public,Computer Hardware & Software,Information Technology,$1 to $2 billion (USD),"Cadence Design Systems, Synopsys, Altium Limited"
Senior Clinical Data Scientist Programmer,3.6,$110K,$163K ,WCG (WIRB-Copernicus Group),"Hamilton, NJ","Princeton, NJ",1001 to 5000 employees,,Company - Private,Biotech & Pharmaceuticals,Biotech & Pharmaceuticals,$100 to $500 million (USD),
Data Engineer,4.5,$110K,$163K ,Kingfisher Systems,"Falls Church, VA","Falls Church, VA",51 to 200 employees,2005,Company - Private,Federal Agencies,Government,$25 to $50 million (USD),
Computer Vision / Deep Learning Scientist,3.3,$110K,$163K ,Tempus Labs,"Chicago, IL","Chicago, IL",501 to 1000 employees,2015,Company - Private,Biotech & Pharmaceuticals,Biotech & Pharmaceuticals,,
Data Solutions Engineer - Data Modeler,3.4,$110K,$163K ,Liberty Mutual Insurance,"Indianapolis, IN","Boston, MA",10000+ employees,1912,Company - Private,Insurance Carriers,Insurance,$10+ billion (USD),"Travelers, Allstate, State Farm"
Data Scientist,4.3,$110K,$163K ,Visionary Integration Professionals,"Washington, DC","Folsom, CA",501 to 1000 employees,1996,Company - Private,IT Services,Information Technology,$100 to $500 million (USD),"CGI (Nevada), Accenture, Deloitte"
Data Scientist (TS/SCI w/ Poly),3.5,$110K,$163K ,Maxar Technologies,"Herndon, VA","Westminster, CO",5001 to 10000 employees,,Company - Public,Aerospace & Defense,Aerospace & Defense,$2 to $5 billion (USD),
Weapons and Sensors Engineer/Scientist,4,$110K,$163K ,Dynetics,"Huntsville, AL","Huntsville, AL",1001 to 5000 employees,1974,Company - Private,Aerospace & Defense,Aerospace & Defense,$100 to $500 million (USD),
Applied Computer Scientist,4.5,$110K,$163K ,Systems & Technology Research,"Woburn, MA","Woburn, MA",201 to 500 employees,2010,Company - Private,Aerospace & Defense,Aerospace & Defense,$100 to $500 million (USD),
Senior Data Analyst,4.5,$110K,$163K ,Novetta,"Herndon, VA","Mc Lean, VA",501 to 1000 employees,2012,Company - Private,Enterprise Software & Network Solutions,Information Technology,$100 to $500 million (USD),"Leidos, CACI International, Booz Allen Hamilton"
Cloud Data Engineer (Azure),3.9,$110K,$163K ,Navy Federal Credit Union,"Merrifield, VA","Vienna, VA",10000+ employees,1933,Other Organization,Banks & Credit Unions,Finance,,
"Lead Certified Clinical Laboratory Scientist - Saturday - Tuesday, 8:00pm - 6:30am shift",4,$110K,$163K ,Exact Sciences Corporation,"Madison, WI","Madison, WI",1001 to 5000 employees,1995,Company - Public,Health Care Services & Hospitals,Health Care,$100 to $500 million (USD),
Sr. Data Analyst,3.6,$110K,$163K ,Community Behavioral Health,"Philadelphia, PA","Phila, PA",201 to 500 employees,1994,Company - Private,Health Care Services & Hospitals,Health Care,$500 million to $1 billion (USD),
Senior Scientist - Toxicologist - Product Integrity (Stewardship),3.3,$110K,$163K ,Reynolds American,"Winston-Salem, NC","Winston-Salem, NC",5001 to 10000 employees,1875,Company - Private,Consumer Products Manufacturing,Manufacturing,$10+ billion (USD),
Senior Machine Learning Engineer,5,$110K,$163K ,LifeOmic,"Raleigh, NC","Indianapolis, IN",51 to 200 employees,2016,Company - Private,Enterprise Software & Network Solutions,Information Technology,,
Product Data Scientist - Ads Data Science,4.1,$124K,$198K ,Twitter,"San Francisco, CA","San Francisco, CA",1001 to 5000 employees,2006,Company - Public,Internet,Information Technology,$2 to $5 billion (USD),"Facebook, Google, Pinterest"
Data Scientist,3.2,$124K,$198K ,Postmates - Corporate HQ,"San Francisco, CA","San Francisco, CA",1001 to 5000 employees,2011,Company - Private,Express Delivery Services,Transportation & Logistics,,"DoorDash, Uber, Grubhub"
Data Scientist,4.9,$124K,$198K ,"Visionist, Inc.","Columbia, MD","Columbia, MD",51 to 200 employees,2010,Company - Private,Enterprise Software & Network Solutions,Information Technology,$10 to $25 million (USD),
Data Scientist,,$124K,$198K ,Navio,"San Mateo, CA","Half Moon Bay, CA",Unknown,,Unknown,,,,
Data Scientist,3.3,$124K,$198K ,Concerto HealthAI,"Boston, MA","Boston, MA",201 to 500 employees,2018,Company - Private,Biotech & Pharmaceuticals,Biotech & Pharmaceuticals,,
Data Scientist,,$124K,$198K ,Evolvinc,"Burbank, CA","Los Angeles, CA",1 to 50 employees,2005,Company - Private,IT Services,Information Technology,,
Data Scientist,5,$124K,$198K ,PROPRIUS,"Sunnyvale, CA","London, United Kingdom",1 to 50 employees,,Company - Private,Enterprise Software & Network Solutions,Information Technology,,
Data Scientist,3.4,$124K,$198K ,TECHNOCRAFT Solutions,"San Ramon, CA","Hilliard, OH",1 to 50 employees,,Company - Private,Advertising & Marketing,Business Services,$1 to $5 million (USD),
Data Scientist,4.1,$124K,$198K ,"Latitude, Inc.","Washington, DC","Hanover, MD",1 to 50 employees,,Company - Private,Consulting,Business Services,$1 to $5 million (USD),
Data Scientist,5,$124K,$198K ,Royce Geospatial,"Springfield, VA","Arlington, VA",51 to 200 employees,2014,Company - Private,Aerospace & Defense,Aerospace & Defense,$10 to $25 million (USD),
Data Scientist,4.2,$124K,$198K ,CyberCoders,"Phoenix, AZ","Irvine, CA",201 to 500 employees,1999,Subsidiary or Business Segment,Staffing & Outsourcing,Business Services,$100 to $500 million (USD),
Data Scientist,3.7,$124K,$198K ,Booz Allen Hamilton Inc.,"Oxnard, CA","Mc Lean, VA",10000+ employees,1914,Company - Public,Consulting,Business Services,$5 to $10 billion (USD),"Accenture, Deloitte, PwC"
Data Scientist,3.8,$124K,$198K ,Burns & McDonnell,"Kansas City, MO","Kansas City, MO",5001 to 10000 employees,1898,Company - Private,Architectural & Engineering Services,Business Services,$1 to $2 billion (USD),"Bechtel Jacobs, Black & Veatch, HNTB"
Data Scientist,4.8,$124K,$198K ,InvenTech Info,"Jersey City, NJ","Bengaluru, India",201 to 500 employees,2010,Company - Private,IT Services,Information Technology,$1 to $5 million (USD),
Data Scientist,3.5,$124K,$198K ,Robert Half,"Manchester, NH","Menlo Park, CA",10000+ employees,1948,Company - Public,Staffing & Outsourcing,Business Services,$2 to $5 billion (USD),"Adecco, Manpower"
Analytics - Business Assurance Data Analyst,4.6,$124K,$198K ,GreatAmerica Financial Services,"Cedar Rapids, IA","Cedar Rapids, IA",501 to 1000 employees,1992,Company - Private,Lending,Finance,$100 to $500 million (USD),
Data Scientist,4.5,$124K,$198K ,Conflux Systems Inc.,"Winters, TX","Alpharetta, GA",1 to 50 employees,,Company - Private,Accounting,Accounting & Legal,Less than $1 million (USD),
Data Scientist,3.9,$124K,$198K ,Criteo,"Ann Arbor, MI","Paris, France",1001 to 5000 employees,2005,Company - Public,Internet,Information Technology,$2 to $5 billion (USD),"MediaMath, Conversant, AppNexus"
Data Scientist,3.4,$124K,$198K ,Voice,"Brooklyn, NY",,Unknown,,Company - Private,,,,
Data Scientist,,$124K,$198K ,Microagility,"New York, NY","Princeton, NJ",1 to 50 employees,,Company - Private,Consulting,Business Services,$1 to $5 million (USD),
Data Scientist,4.1,$124K,$198K ,Coverent,"McLean, VA","McLean, VA",51 to 200 employees,2008,Company - Private,Consulting,Business Services,$10 to $25 million (USD),
Data Scientist,3.7,$79K,$133K ,Via Transportation,"New York, NY","New York, NY",501 to 1000 employees,2012,Company - Private,Internet,Information Technology,,
Senior Data Scientist,3.5,$79K,$133K ,Benson Hill,"Saint Louis, MO","Saint Louis, MO",201 to 500 employees,2012,Company - Private,Biotech & Pharmaceuticals,Biotech & Pharmaceuticals,$1 to $5 million (USD),
Data Scientist,4.6,$79K,$133K ,"Conch Technologies, Inc","Concord, CA","Memphis, TN",51 to 200 employees,,Company - Private,Consulting,Business Services,$5 to $10 million (USD),
Data Scientist,,$79K,$133K ,Falcon IT & Staffing Solutions,"Fort Belvoir, VA","Washington, DC",Unknown,,Company - Public,,,,
Data Scientist,,$79K,$133K ,"Rainmaker Resources, LLC","Cincinnati, OH","Cincinnati, OH",1 to 50 employees,,Company - Private,,,,
Data Engineer,4.4,$79K,$133K ,Rocket Lawyer,"San Francisco, CA","San Francisco, CA",51 to 200 employees,2008,Company - Private,Computer Hardware & Software,Information Technology,$50 to $100 million (USD),
Data Scientist,3.6,$79K,$133K ,DataLab USA,"Germantown, MD","Germantown, MD",51 to 200 employees,,Company - Private,IT Services,Information Technology,,"Acxiom, Merkle, Epsilon (North Carolina)"
Data Scientist,3.1,$79K,$133K ,Werner Enterprises Inc,"Omaha, NE","Omaha, NE",10000+ employees,1956,Company - Public,Logistics & Supply Chain,Transportation & Logistics,$2 to $5 billion (USD),
Data Scientist,5,$79K,$133K ,PeopleCom,"McLean, VA","Reston, VA",1 to 50 employees,,Company - Private,,,$1 to $5 million (USD),
Data Scientist - Machine Learning,5,$79K,$133K ,VANTA Partners,"Open Fork, VA","Clifton Park, NY",1 to 50 employees,2018,Company - Private,Staffing & Outsourcing,Business Services,,
Data Scientist,,$79K,$133K ,B4Corp,"Reston, VA","Leesburg, VA",51 to 200 employees,,Company - Private,IT Services,Information Technology,,
Data Scientist,,$79K,$133K ,"Blue Icy Water, LLC",United States,"Livonia, MI",1 to 50 employees,,Company - Private,,,,
Data Scientist,3.5,$79K,$133K ,"Farmer's Business Network, Inc.","San Carlos, CA","San Carlos, CA",201 to 500 employees,2014,Company - Private,Farm Support Services,Agriculture & Forestry,,
Data Scientist,,$79K,$133K ,Sonde Health,"Boston, MA","Boston, MA",1 to 50 employees,,Private Practice / Firm,Health Care Services & Hospitals,Health Care,Less than $1 million (USD),
Data Scientist,5,$79K,$133K ,Maxiom,"Ashburn, VA","Ashburn, VA",1 to 50 employees,,Company - Public,,,,
Data Scientist,2.7,$79K,$133K ,Change Healthcare,"Lombard, IL","Nashville, TN",10000+ employees,2007,Company - Public,IT Services,Information Technology,,
Data Scientist,4.1,$79K,$133K ,DCS Corp,"Hampton, VA","Alexandria, VA",1001 to 5000 employees,1977,Company - Private,Research & Development,Business Services,$100 to $500 million (USD),
Data Scientist,2.1,$79K,$133K ,Hive (CA),"San Francisco, CA","Los Angeles, CA",Unknown,2019,Company - Private,Telecommunications Services,Telecommunications,,
Machine Learning Engineer/Scientist,4.8,$79K,$133K ,Jane Street,"New York, NY","New York, NY",501 to 1000 employees,2000,Company - Private,Investment Banking & Asset Management,Finance,,
Data Scientist - Intermediate,4.5,$69K,$116K ,Envision LLC,"Saint Louis, MO","Saint Louis, MO",201 to 500 employees,1994,Company - Private,Staffing & Outsourcing,Business Services,$25 to $50 million (USD),
Principal Data Scientist,4,$69K,$116K ,Autodesk,"San Francisco, CA","San Rafael, CA",5001 to 10000 employees,1982,Company - Public,Computer Hardware & Software,Information Technology,$2 to $5 billion (USD),
Data Scientist,3.3,$69K,$116K ,Hackensack Meridian Health,"Edison, NJ","Edison, NJ",10000+ employees,,Nonprofit Organization,Health Care Services & Hospitals,Health Care,$5 to $10 billion (USD),
"Senior Data Scientist – Image Analytics, Novartis AI Innovation Lab",3.9,$69K,$116K ,Novartis,"Cambridge, MA","Basel, Switzerland",10000+ employees,1996,Company - Public,Biotech & Pharmaceuticals,Biotech & Pharmaceuticals,$10+ billion (USD),
Data Scientist,3.2,$69K,$116K ,Net2Source Inc.,"Alpharetta, GA","Somerset, NJ",1001 to 5000 employees,2007,Company - Private,Staffing & Outsourcing,Business Services,$100 to $500 million (USD),
Data Scientist,3.2,$69K,$116K ,The Trade Desk,"Boulder, CO","Ventura, CA",1001 to 5000 employees,2009,Company - Public,Internet,Information Technology,,
Data Scientist- Industrial Discrete Sector Industry,3.7,$69K,$116K ,IBM,"Atlanta, GA","Armonk, NY",10000+ employees,1911,Company - Public,IT Services,Information Technology,$10+ billion (USD),"Amazon, Accenture, Microsoft"
Data Scientist,4.4,$69K,$116K ,Knowesis Inc.,"Falls Church, VA","Fairfax, VA",51 to 200 employees,2007,Company - Private,Consulting,Business Services,$25 to $50 million (USD),"Booz Allen Hamilton, Deloitte, ERPi"
Data Scientist,3.1,$69K,$116K ,MoTek Technologies,"Mountain View, CA","San Jose, CA",1 to 50 employees,2009,Company - Private,IT Services,Information Technology,$1 to $5 million (USD),
Data Scientist,3.3,$69K,$116K ,The Davey Tree Expert Company,"Kent, OH","Kent, OH",10000+ employees,1880,Self-employed,Timber Operations,Agriculture & Forestry,$1 to $2 billion (USD),"ACRT Services, Bartlett Tree Experts"
Data Scientist,3.5,$69K,$116K ,HPOne,"Trumbull, CT","Trumbull, CT",501 to 1000 employees,2006,Company - Private,Insurance Carriers,Insurance,$50 to $100 million (USD),
Data Scientist,,$69K,$116K ,Stride Search,"San Francisco, CA","Westlake Village, CA",1 to 50 employees,,Company - Private,,,Less than $1 million (USD),
Machine Learning Engineer,2.6,$69K,$116K ,Software Engineering Institute,"Pittsburgh, PA","Pittsburgh, PA",501 to 1000 employees,1984,College / University,Colleges & Universities,Education,,
Data Scientist,,$69K,$116K ,Blue Cloak LLC,"Sterling, VA",,,,,,,,
Data Scientist,2.7,$69K,$116K ,TBWA\Chiat\Day,"New York, NY","New York, NY",1001 to 5000 employees,1968,Company - Public,Advertising & Marketing,Business Services,$100 to $500 million (USD),
Data Scientist,3.5,$69K,$116K ,ThreeBridge Solutions,"Alpharetta, GA","Minneapolis, MN",501 to 1000 employees,2009,Company - Private,Consulting,Business Services,,
Data Scientist,3.2,$69K,$116K ,"Numeric, LLC","Philadelphia, PA","Chadds Ford, PA",1 to 50 employees,,Company - Private,Staffing & Outsourcing,Business Services,$5 to $10 million (USD),
Data Analyst - Unilever Prestige,3.8,$69K,$116K ,Dermalogica,"Carson, CA","Carson, CA",201 to 500 employees,1986,Subsidiary or Business Segment,Consumer Products Manufacturing,Manufacturing,$100 to $500 million (USD),"IMAGE Skincare, Aveda, Kiehl's"
Data Scientist,4.2,$69K,$116K ,Centraprise,"Foster City, CA","Edison, NJ",51 to 200 employees,,Company - Private,IT Services,Information Technology,Less than $1 million (USD),
Data Scientist,4.8,$69K,$116K ,TechProjects,"New York, NY","North Brunswick, NJ",1 to 50 employees,2011,Company - Private,IT Services,Information Technology,,
Data Scientist,4.2,$69K,$116K ,DW Simpson,"Frederick, MD","Chicago, IL",51 to 200 employees,1989,Company - Private,Staffing & Outsourcing,Business Services,$10 to $25 million (USD),
Data & Machine Learning Scientist,3.3,$31K,$56K ,Tempus Labs,"Chicago, IL","Chicago, IL",501 to 1000 employees,2015,Company - Private,Biotech & Pharmaceuticals,Biotech & Pharmaceuticals,,
Data Scientist,4,$31K,$56K ,Grid Dynamics,"Santa Clara, CA","San Ramon, CA",1001 to 5000 employees,2006,Company - Private,Enterprise Software & Network Solutions,Information Technology,$50 to $100 million (USD),"Luxoft, EPAM, Capgemini Invent"
"VP, Data Science",3.9,$31K,$56K ,7Park Data,"New York, NY","New York, NY",51 to 200 employees,2012,Company - Private,Research & Development,Business Services,,
Senior Business Intelligence Analyst,3.7,$31K,$56K ,Protolabs,"Maple Plain, MN","Maple Plain, MN",1001 to 5000 employees,1999,Company - Public,Miscellaneous Manufacturing,Manufacturing,$100 to $500 million (USD),
Data Scientist,3.9,$31K,$56K ,LinQuest,"Colorado Springs, CO","Los Angeles, CA",501 to 1000 employees,2004,Company - Private,Aerospace & Defense,Aerospace & Defense,$50 to $100 million (USD),
Data Engineer - Kafka,3.5,$31K,$56K ,Western Digital,"San Jose, CA","San Jose, CA",10000+ employees,1970,Company - Public,Computer Hardware & Software,Information Technology,$10+ billion (USD),"Seagate Technology, Toshiba"
Data Scientist,4,$31K,$56K ,Trexquant Investment,United States,"Stamford, CT",1 to 50 employees,2012,Company - Private,Investment Banking & Asset Management,Finance,,
Data Scientist,3,$31K,$56K ,Ameritas Life Insurance Corp,"Cincinnati, OH","Lincoln, NE",1001 to 5000 employees,1887,Company - Private,Insurance Agencies & Brokerages,Insurance,$2 to $5 billion (USD),
Data Scientist,3.7,$31K,$56K ,Fleetcor,"Atlanta, GA","Atlanta, GA",5001 to 10000 employees,2000,Company - Public,Financial Transaction Processing,Finance,$2 to $5 billion (USD),
Data Scientist,4.5,$31K,$56K ,Radiant Digital,"Washington, DC","New York, NY",1 to 50 employees,,Company - Private,,,Less than $1 million (USD),
Data Scientist,2.8,$31K,$56K ,Child Care Aware of America,"Arlington, VA","Arlington, VA",51 to 200 employees,1987,Nonprofit Organization,Social Assistance,Non-Profit,$25 to $50 million (USD),
Data Scientist,4.1,$31K,$56K ,IntelliPro Group Inc.,"Santa Clara, CA","Santa Clara, CA",201 to 500 employees,,Company - Private,,,$10 to $25 million (USD),
In-Line Inspection Data Analyst,2.9,$31K,$56K ,Quest Integrity,"Tulsa, OK","Kent, WA",201 to 500 employees,1996,Company - Public,Oil & Gas Services,"Oil, Gas, Energy & Utilities",$50 to $100 million (USD),
Data Scientist,4.7,$31K,$56K ,Praxis Engineering,"Chantilly, VA","Annapolis Junction, MD",201 to 500 employees,2002,Subsidiary or Business Segment,Computer Hardware & Software,Information Technology,$100 to $500 million (USD),"Raytheon Technologies, Northrop Grumman, Booz Allen Hamilton"
Data Scientist,3.4,$31K,$56K ,USI,"Southfield, MI","Saint Paul, MN",1001 to 5000 employees,1998,Company - Private,Construction,"Construction, Repair & Maintenance",$100 to $500 million (USD),
Data Scientist,3.9,$31K,$56K ,Apex Systems,"San Francisco, CA","Glen Allen, VA",1001 to 5000 employees,1995,Subsidiary or Business Segment,Staffing & Outsourcing,Business Services,$2 to $5 billion (USD),"TEKsystems, Insight Global, Accenture"
Data Scientist,2.9,$31K,$56K ,"Pragmatics, Inc.",United States,"Reston, VA",201 to 500 employees,1985,Company - Private,IT Services,Information Technology,$100 to $500 million (USD),
Decision Scientist,4.5,$31K,$56K ,Johns Hopkins University Applied Physics Laboratory,"Laurel, MD","Laurel, MD",5001 to 10000 employees,1942,Nonprofit Organization,Aerospace & Defense,Aerospace & Defense,$1 to $2 billion (USD),"MIT Lincoln Laboratory, Lockheed Martin, Northrop Grumman"
Data Scientist,4.9,$31K,$56K ,Cambridge Mobile Telematics,"Cambridge, MA","Cambridge, MA",1 to 50 employees,2010,Company - Private,Enterprise Software & Network Solutions,Information Technology,,
Data Scientist - TS/SCI FSP or CI Required,5,$31K,$56K ,Phoenix Operations Group,"Annapolis Junction, MD","Woodbine, MD",1 to 50 employees,2011,Company - Private,IT Services,Information Technology,$1 to $5 million (USD),
"Data Scientist, Applied Machine Learning - Bay Area",3.3,$95K,$119K ,Tempus Labs,"Redwood City, CA","Chicago, IL",501 to 1000 employees,2015,Company - Private,Biotech & Pharmaceuticals,Biotech & Pharmaceuticals,,
Data Scientist,3.5,$95K,$119K ,The Knot Worldwide,"Washington, DC","Chevy Chase, MD",1001 to 5000 employees,2019,Company - Private,Internet,Information Technology,,Zola Registry
Data Scientist,3.5,$95K,$119K ,Crossover Health,"San Clemente, CA","Aliso Viejo, CA",1 to 50 employees,2010,Company - Private,Health Care Services & Hospitals,Health Care,$1 to $5 million (USD),
Data Scientist,4,$95K,$119K ,Lorven Technologies Inc,"New York, NY","Plainsboro, NJ",1 to 50 employees,,Company - Private,Accounting,Accounting & Legal,Less than $1 million (USD),
Data Analyst,3.9,$95K,$119K ,Nolij Consulting,"Falls Church, VA","Vienna, VA",51 to 200 employees,2012,Company - Public,Consulting,Business Services,$1 to $5 million (USD),
Data Scientist,3.4,$95K,$119K ,Dice.com,"Newton, MA","Denver, CO",201 to 500 employees,1990,Subsidiary or Business Segment,Staffing & Outsourcing,Business Services,$100 to $500 million (USD),"Monster Worldwide, CareerBuilder, Craigslist"
Data Scientist,3.5,$95K,$119K ,Gap Inc.,"San Francisco, CA","San Francisco, CA",10000+ employees,1969,Company - Public,"Department, Clothing, & Shoe Stores",Retail,$10+ billion (USD),"H&M, Inditex, Fast Retailing"
Data Scientist,4.7,$95K,$119K ,"Tygart Technology, Inc","Washington, DC","Fairmont, WV",1 to 50 employees,,Company - Private,,,$1 to $5 million (USD),
Data Scientist,,$95K,$119K ,Hatch Data Inc,"San Francisco, CA",,,,,,,,
Data Scientist,,$95K,$119K ,Hatch Data Inc,"San Francisco, CA",,,,,,,,
Data Scientist,,$95K,$119K ,Hatch Data Inc,"San Francisco, CA",,,,,,,,
Data Scientist,,$95K,$119K ,Hatch Data Inc,"San Francisco, CA",,,,,,,,
Data Scientist,,$95K,$119K ,Hatch Data Inc,"San Francisco, CA",,,,,,,,
Data Scientist,,$95K,$119K ,Hatch Data Inc,"San Francisco, CA",,,,,,,,
Data Scientist,4.6,$95K,$119K ,Murray Resources,"The Woodlands, TX","Houston, TX",1 to 50 employees,1988,Company - Private,Staffing & Outsourcing,Business Services,$10 to $25 million (USD),
Data Scientist,4,$95K,$119K ,New York Technology Partners,"Seattle, WA","Jersey City, NJ",51 to 200 employees,1999,Company - Private,Computer Hardware & Software,Information Technology,$10 to $25 million (USD),
Data Scientist,4,$95K,$119K ,Two95 International Inc.,"Chicago, IL","Cherry Hill, NJ",1 to 50 employees,,Company - Private,Staffing & Outsourcing,Business Services,$1 to $5 million (USD),
Data Scientist,,$95K,$119K ,Sophinea,"Chantilly, VA",,1 to 50 employees,,Unknown,,,,
Data Scientist,4.7,$95K,$119K ,CRS Group,"Chicago, IL","Itasca, IL",51 to 200 employees,1994,Company - Private,Staffing & Outsourcing,Business Services,$10 to $25 million (USD),
Data Scientist,3.5,$95K,$119K ,Blackstone Talent Group,"San Francisco, CA","San Francisco, CA",51 to 200 employees,1998,Company - Private,Consulting,Business Services,$25 to $50 million (USD),
Data Scientist - TS/SCI Required,5,$95K,$119K ,Phoenix Operations Group,"Baltimore, MD","Woodbine, MD",1 to 50 employees,2011,Company - Private,IT Services,Information Technology,$1 to $5 million (USD),
Senior Principal Data Scientist (Python/R),4.1,$212K,$331K ,Roche,"Pleasanton, CA","Basel, Switzerland",10000+ employees,1896,Company - Public,Biotech & Pharmaceuticals,Biotech & Pharmaceuticals,$10+ billion (USD),"Novartis, AstraZeneca, Siemens Healthineers"
"Real World Science, Data Scientist",4,$212K,$331K ,AstraZeneca,"Wilmington, DE","Cambridge, United Kingdom",10000+ employees,1913,Company - Public,Biotech & Pharmaceuticals,Biotech & Pharmaceuticals,$10+ billion (USD),"Roche, GlaxoSmithKline, Novartis"
Data Scientist,3.6,$212K,$331K ,Creative Circle,United States,"Los Angeles, CA",201 to 500 employees,2002,Company - Public,Staffing & Outsourcing,Business Services,,"Aquent, 24 Seven Talent"
Data Scientist(s)/Machine Learning Engineer,5,$212K,$331K ,Blue Horizon Tek Solutions,"New York, NY","Coconut Creek, FL",1 to 50 employees,1987,Company - Private,Staffing & Outsourcing,Business Services,,
Senior Data Scientist,3.5,$212K,$331K ,Maxar Technologies,"Herndon, VA","Westminster, CO",5001 to 10000 employees,,Company - Public,Aerospace & Defense,Aerospace & Defense,$2 to $5 billion (USD),
Data Scientist,4.7,$212K,$331K ,Sharpedge Solutions Inc,"Seattle, WA","Lombard, IL",Unknown,,Company - Private,Publishing,Media,Less than $1 million (USD),
Data Scientist,3.5,$212K,$331K ,Maxar Technologies,"Herndon, VA","Westminster, CO",5001 to 10000 employees,,Company - Public,Aerospace & Defense,Aerospace & Defense,$2 to $5 billion (USD),
Data Scientist,3.6,$212K,$331K ,Alaka`ina Foundation Family of Companies,"Fort Sam Houston, TX","Honolulu, HI",501 to 1000 employees,,Government,,,,
ENGINEER - COMPUTER SCIENTIST - RESEARCH COMPUTER SCIENTIST - SIGNAL PROCESSING - SAN ANTONIO OR,3.9,$212K,$331K ,Southwest Research Institute,"Oklahoma City, OK","San Antonio, TX",1001 to 5000 employees,1947,Nonprofit Organization,Research & Development,Business Services,$500 million to $1 billion (USD),"Los Alamos National Laboratory, Battelle, SRI International"
Data Scientist,2.7,$212K,$331K ,Hexagon US Federal,"Lexington Park, MD","Chantilly, VA",51 to 200 employees,2010,Company - Public,Aerospace & Defense,Aerospace & Defense,,
Data Science Software Engineer,4.8,$212K,$331K ,Klaviyo,"Boston, MA","Boston, MA",201 to 500 employees,2012,Company - Private,Computer Hardware & Software,Information Technology,,
"Scientist / Group Lead, Cancer Biology",,$212K,$331K ,Monte Rosa Therapeutics,"Cambridge, MA",,,,,,,,
Data Scientist,4,$212K,$331K ,Comtech Global Inc,"Washington, DC","Columbus, OH",51 to 200 employees,,Company - Private,"Health, Beauty, & Fitness",Consumer Services,$5 to $10 million (USD),
Data Scientist,3.8,$212K,$331K ,"Aveshka, Inc.","Washington, DC","Arlington, VA",51 to 200 employees,2010,Company - Public,IT Services,Information Technology,$10 to $25 million (USD),
"Manager, Field Application Scientist, Southeast",4.2,$212K,$331K ,10x Genomics,"Raleigh, NC","Pleasanton, CA",501 to 1000 employees,2012,Company - Public,Biotech & Pharmaceuticals,Biotech & Pharmaceuticals,,
COMPUTER SCIENTIST - ENGINEER - RESEARCH COMPUTER SCIENTIST - SIGNAL PROCESSING,3.9,$212K,$331K ,Southwest Research Institute,"Dayton, OH","San Antonio, TX",1001 to 5000 employees,1947,Nonprofit Organization,Research & Development,Business Services,$500 million to $1 billion (USD),"Los Alamos National Laboratory, Battelle, SRI International"
Data Scientist,,$212K,$331K ,CompuForce,"New York, NY","New York, NY",Unknown,,Company - Private,,,,
Data Scientist,4.5,$212K,$331K ,Smith Hanley Associates,"Washington, DC","New York, 061",1 to 50 employees,1980,Company - Private,Staffing & Outsourcing,Business Services,,"Kforce, PageGroup, Robert Half"
Scientist - Machine Learning,3.5,$212K,$331K ,Allen Institute,"Seattle, WA","Seattle, WA",201 to 500 employees,2003,Nonprofit Organization,Research & Development,Business Services,$100 to $500 million (USD),
Data Scientist,2.7,$212K,$331K ,1-800-Flowers,"New York, NY","Carle Place, NY",1001 to 5000 employees,1976,Company - Public,Wholesale,Business Services,$1 to $2 billion (USD),
Data Scientist,3.5,$212K,$331K ,Aptive,"Washington, DC","Alexandria, VA",51 to 200 employees,2012,Company - Private,Consulting,Business Services,$25 to $50 million (USD),
Data Scientist - Image and Video Analytics,4.9,$66K,$112K ,The Mom Project,"Longmont, CO","Chicago, IL",1 to 50 employees,2016,Company - Private,Staffing & Outsourcing,Business Services,,
Data Scientist,3.6,$66K,$112K ,Powertek,"Washington, DC","Rockville, MD",51 to 200 employees,2001,Company - Private,IT Services,Information Technology,$25 to $50 million (USD),
Data Scientist,5,$66K,$112K ,JCD Staffing,"Washington, DC","Germantown, MD",1 to 50 employees,,Company - Private,,,,
Data Scientist,3.1,$66K,$112K ,Bayside Solutions,"Sunnyvale, CA","Pleasanton, CA",1 to 50 employees,2001,Company - Private,Staffing & Outsourcing,Business Services,$1 to $5 million (USD),
Senior Data Engineer,3.9,$66K,$112K ,Thumbtack,"San Francisco, CA","San Francisco, CA",501 to 1000 employees,2009,Company - Private,Internet,Information Technology,,
Data Scientist,3.4,$66K,$112K ,"MILVETS Systems Technology, Inc.","Patuxent, Anne Arundel, MD","Orlando, FL",51 to 200 employees,1986,Company - Private,IT Services,Information Technology,$25 to $50 million (USD),
Machine Learning Scientist / Engineer,4.1,$66K,$112K ,Apple,"Santa Clara, CA","Cupertino, CA",10000+ employees,1976,Company - Public,Computer Hardware & Software,Information Technology,$10+ billion (USD),"Google, Microsoft, Samsung Electronics"
Data Scientist,4.1,$66K,$112K ,Kforce,"Fairfax, VA","Tampa, FL",10000+ employees,1966,Company - Public,Staffing & Outsourcing,Business Services,$1 to $2 billion (USD),
Sr. Data Scientist,3.5,$66K,$112K ,Evolve Vacation Rental,"Denver, CO","Denver, CO",201 to 500 employees,2011,Company - Private,Travel Agencies,Travel & Tourism,,
"Intelligence Data Analyst, Senior",4.3,$66K,$112K ,The Buffalo Group,"Fort Belvoir, VA","Reston, VA",501 to 1000 employees,2010,Company - Private,IT Services,Information Technology,$100 to $500 million (USD),"ManTech, Booz Allen Hamilton, Leidos"
Data Science Analyst,4.4,$66K,$112K ,OppLoans,"Chicago, IL","Chicago, IL",201 to 500 employees,2012,Company - Private,Lending,Finance,$100 to $500 million (USD),
Data Scientist,3.8,$66K,$112K ,AgreeYa Solutions,"Thousand Oaks, CA","Folsom, CA",1001 to 5000 employees,1999,Company - Private,IT Services,Information Technology,$50 to $100 million (USD),
Data Scientist,3.7,$66K,$112K ,Carolina Power & Light Co,"McLean, VA","Raleigh, NC",5001 to 10000 employees,1908,Subsidiary or Business Segment,Energy,"Oil, Gas, Energy & Utilities",,"South Carolina Electric & Gas, Virginia Electric and Power"
COMPUTER SCIENTIST - ENGINEER - RESEARCH COMPUTER SCIENTIST - TRANSPORTATION TECHNOLOGY,3.9,$66K,$112K ,Southwest Research Institute,"San Antonio, TX","San Antonio, TX",1001 to 5000 employees,1947,Nonprofit Organization,Research & Development,Business Services,$500 million to $1 billion (USD),"Los Alamos National Laboratory, Battelle, SRI International"
Data Scientist,3.9,$66K,$112K ,Brillient,"Silver Spring, MD","Reston, VA",501 to 1000 employees,2006,Company - Private,IT Services,Information Technology,$25 to $50 million (USD),
Data Modeler (Analytical Systems),3.7,$66K,$112K ,MassMutual,"Boston, MA","Springfield, MA",5001 to 10000 employees,1851,Company - Private,Insurance Carriers,Insurance,$10+ billion (USD),
Data Scientist,2.9,$66K,$112K ,Xator Corporation,"Washington, DC","Reston, VA",501 to 1000 employees,,Contract,IT Services,Information Technology,$25 to $50 million (USD),
Data Scientist,4.6,$66K,$112K ,HAN IT Staffing Inc.,"New York, NY","Totowa, NJ",51 to 200 employees,2012,Company - Private,IT Services,Information Technology,,
Data Scientist,3.4,$66K,$112K ,Infinitive Inc,"McLean, VA","Cedar Rapids, IA",201 to 500 employees,1997,Company - Private,Enterprise Software & Network Solutions,Information Technology,$10 to $25 million (USD),
"Data Engineer (Analytics, SQL, Python, AWS)",4,$66K,$112K ,Travelers,"Hartford, CT","Hartford, CT",10000+ employees,1853,Company - Public,Insurance Carriers,Insurance,$10+ billion (USD),
Data Scientist 3 (718),3.3,$128K,$201K ,Amyris,"Emeryville, CA","Emeryville, CA",201 to 500 employees,2003,Company - Public,Biotech & Pharmaceuticals,Biotech & Pharmaceuticals,$100 to $500 million (USD),
Data Scientist,4.3,$128K,$201K ,Lightspeed Systems,"Austin, TX","Austin, TX",51 to 200 employees,1999,Company - Private,Computer Hardware & Software,Information Technology,$25 to $50 million (USD),
Senior Data Scientist,3.9,$128K,$201K ,Thumbtack,"San Francisco, CA","San Francisco, CA",501 to 1000 employees,2009,Company - Private,Internet,Information Technology,,
Senior Data Analyst - Finance & Platform Analytics,3.6,$128K,$201K ,Twitch,"San Francisco, CA","San Francisco, CA",1001 to 5000 employees,2011,Subsidiary or Business Segment,Internet,Information Technology,,
Software Engineer - Machine Learning & Data Science (Applied Intelligence Services Team),4.7,$128K,$201K ,New Relic,"Portland, OR","San Francisco, CA",1001 to 5000 employees,2008,Company - Public,Computer Hardware & Software,Information Technology,$100 to $500 million (USD),"AppDynamics, Datadog, Dynatrace"
IT Partner Digital Health Technology and Data Science,3.6,$128K,$201K ,Biogen,"Cambridge, MA","Cambridge, MA",5001 to 10000 employees,1978,Company - Public,Biotech & Pharmaceuticals,Biotech & Pharmaceuticals,$10+ billion (USD),
Data Scientist,,$128K,$201K ,HireAi,"San Francisco, CA",,,,,,,,
"Senior Machine Learning Scientist - Bay Area, CA",3.3,$128K,$201K ,Tempus Labs,"Redwood City, CA","Chicago, IL",501 to 1000 employees,2015,Company - Private,Biotech & Pharmaceuticals,Biotech & Pharmaceuticals,,
Data Scientist,3.3,$128K,$201K ,ICW Group,"San Diego, CA","San Diego, CA",501 to 1000 employees,1972,Company - Private,Insurance Carriers,Insurance,$500 million to $1 billion (USD),"Liberty Mutual Insurance, EMPLOYERS, Travelers"
Clinical Data Analyst,3.8,$128K,$201K ,NYSTEC,"New York, NY","Rome, NY",51 to 200 employees,1996,Nonprofit Organization,Consulting,Business Services,$25 to $50 million (USD),"KPMG, Accenture, Deloitte"
Data Scientist,4.5,$128K,$201K ,E3 Federal Solutions,"Chantilly, VA","McLean, VA",501 to 1000 employees,2004,Company - Private,Consulting,Business Services,,
Data Engineer,4.5,$128K,$201K ,Kingfisher Systems,"Falls Church, VA","Falls Church, VA",51 to 200 employees,2005,Company - Private,Federal Agencies,Government,$25 to $50 million (USD),
Data Scientist Technical Specialist,3.4,$128K,$201K ,Peraton,"Chantilly, VA","Herndon, VA",1001 to 5000 employees,2017,Company - Private,Aerospace & Defense,Aerospace & Defense,$1 to $2 billion (USD),
Senior Data Scientist,3.1,$128K,$201K ,Group O,"Chicago, IL","Milan, IL",1001 to 5000 employees,1974,Company - Private,Staffing & Outsourcing,Business Services,$500 million to $1 billion (USD),
Data Science Manager,4,$128K,$201K ,Autodesk,"San Francisco, CA","San Rafael, CA",5001 to 10000 employees,1982,Company - Public,Computer Hardware & Software,Information Technology,$2 to $5 billion (USD),
Computer Vision / Deep Learning Scientist,3.3,$128K,$201K ,Tempus Labs,"Chicago, IL","Chicago, IL",501 to 1000 employees,2015,Company - Private,Biotech & Pharmaceuticals,Biotech & Pharmaceuticals,,
Big Data Engineer,4.1,$128K,$201K ,CaptiveAire,"Raleigh, NC","Raleigh, NC",1001 to 5000 employees,1976,Company - Private,Industrial Manufacturing,Manufacturing,$100 to $500 million (USD),
Data Architect,4.2,$128K,$201K ,LSQ,"Orlando, FL","Orlando, FL",51 to 200 employees,1996,Company - Private,Investment Banking & Asset Management,Finance,$100 to $500 million (USD),
Machine Learning Engineer,3.9,$128K,$201K ,Temboo,"New York, NY","New York, NY",1 to 50 employees,,Company - Private,IT Services,Information Technology,,
Data Scientist,,$128K,$201K ,Kibo,"Philadelphia, PA","Marbella, Spain",Unknown,,Company - Public,,,,
Aviation AI/ML Data Scientist,3.3,$128K,$201K ,MITRE,"McLean, VA","Bedford, MA",5001 to 10000 employees,1958,Nonprofit Organization,Federal Agencies,Government,$1 to $2 billion (USD),"Battelle, General Atomics, SAIC"
Data Scientist,3.9,$138K,$158K ,Mars,United States,"Mc Lean, VA",10000+ employees,1911,Company - Private,Food & Beverage Manufacturing,Manufacturing,$10+ billion (USD),
Data Scientist / Applied Mathematician,4.5,$138K,$158K ,"Fullpower Technologies, Inc.","Santa Cruz, CA","Santa Cruz, CA",51 to 200 employees,2003,Company - Private,Computer Hardware & Software,Information Technology,$10 to $25 million (USD),
"Machine Learning Engineer, Sr.",4.2,$138K,$158K ,AeroVironment,"Simi Valley, CA","Simi Valley, CA",501 to 1000 employees,1971,Company - Public,Aerospace & Defense,Aerospace & Defense,$100 to $500 million (USD),"General Atomics, Boeing, Northrop Grumman"
Data Scientist (TS/SCI w/ Poly),3.5,$138K,$158K ,Maxar Technologies,"Herndon, VA","Westminster, CO",5001 to 10000 employees,,Company - Public,Aerospace & Defense,Aerospace & Defense,$2 to $5 billion (USD),
Weapons and Sensors Engineer/Scientist,4,$138K,$158K ,Dynetics,"Huntsville, AL","Huntsville, AL",1001 to 5000 employees,1974,Company - Private,Aerospace & Defense,Aerospace & Defense,$100 to $500 million (USD),
Applied Computer Scientist,4.5,$138K,$158K ,Systems & Technology Research,"Woburn, MA","Woburn, MA",201 to 500 employees,2010,Company - Private,Aerospace & Defense,Aerospace & Defense,$100 to $500 million (USD),
Senior Data Analyst,4.5,$138K,$158K ,Novetta,"Herndon, VA","Mc Lean, VA",501 to 1000 employees,2012,Company - Private,Enterprise Software & Network Solutions,Information Technology,$100 to $500 million (USD),"Leidos, CACI International, Booz Allen Hamilton"
Information Systems Engineering Specialist (Engineering Scientist),3.8,$138K,$158K ,Applied Research Laboratories,"Austin, TX","Austin, TX",501 to 1000 employees,,College / University,Colleges & Universities,Education,,
Cloud Data Engineer (Azure),3.9,$138K,$158K ,Navy Federal Credit Union,"Merrifield, VA","Vienna, VA",10000+ employees,1933,Other Organization,Banks & Credit Unions,Finance,,
Scientist/Research Associate-Metabolic Engineering,2,$138K,$158K ,Conagen,"New Bedford, MA","Bedford, MA",51 to 200 employees,,Company - Private,Biotech & Pharmaceuticals,Biotech & Pharmaceuticals,,
"Vice President, Biometrics and Clinical Data Management",4.8,$138K,$158K ,Alector,"South San Francisco, CA","South San Francisco, CA",51 to 200 employees,2013,Company - Public,Biotech & Pharmaceuticals,Biotech & Pharmaceuticals,,
Enterprise Data Analyst (Enterprise Portfolio Management Office),3.9,$138K,$158K ,Navy Federal Credit Union,"Merrifield, VA","Vienna, VA",10000+ employees,1933,Other Organization,Banks & Credit Unions,Finance,,
Senior Scientist - Toxicologist - Product Integrity (Stewardship),3.3,$138K,$158K ,Reynolds American,"Winston-Salem, NC","Winston-Salem, NC",5001 to 10000 employees,1875,Company - Private,Consumer Products Manufacturing,Manufacturing,$10+ billion (USD),
Lead Data Scientist – Network Analysis and Control,3.3,$138K,$158K ,MITRE,"Bedford, MA","Bedford, MA",5001 to 10000 employees,1958,Nonprofit Organization,Federal Agencies,Government,$1 to $2 billion (USD),"Battelle, General Atomics, SAIC"
Senior Machine Learning Engineer,5,$138K,$158K ,LifeOmic,"Raleigh, NC","Indianapolis, IN",51 to 200 employees,2016,Company - Private,Enterprise Software & Network Solutions,Information Technology,,
"Sr. Research Associate/ Scientist, NGS prep & Molecular Genomics",4.4,$138K,$158K ,"Homology Medicines, Inc.","New Bedford, MA","Bedford, MA",51 to 200 employees,,Company - Public,,,,
Data Engineer,3.4,$138K,$158K ,Spectrum Communications and Consulting,"Chicago, IL","Chicago, IL",51 to 200 employees,1992,Company - Private,Advertising & Marketing,Business Services,$10 to $25 million (USD),
Developer III - Data Science,3.3,$138K,$158K ,Inland Empire Health Plan,"Rancho Cucamonga, CA","Rancho Cucamonga, CA",1001 to 5000 employees,1996,Company - Public,Health Care Services & Hospitals,Health Care,$1 to $2 billion (USD),
Senior Data Engineer,2.9,$138K,$158K ,Affinity Solutions,"New York, NY","New York, NY",51 to 200 employees,1998,Company - Private,Advertising & Marketing,Business Services,,"Commerce Signals, Cardlytics, Yodlee"
Hydrogen/Tritium Materials Scientist (Experienced),3.8,$138K,$158K ,Sandia National Laboratories,"Livermore, CA","Albuquerque, NM",10000+ employees,1949,Government,Federal Agencies,Government,$2 to $5 billion (USD),"Los Alamos National Laboratory, Lawrence Livermore National Laboratory"
Data Engineer,3.5,$138K,$158K ,Maxar Technologies,"McLean, VA","Westminster, CO",5001 to 10000 employees,,Company - Public,Aerospace & Defense,Aerospace & Defense,$2 to $5 billion (USD),
Patient Safety- Associate Data Scientist,4,$80K,$132K ,AstraZeneca,"Gaithersburg, MD","Cambridge, United Kingdom",10000+ employees,1913,Company - Public,Biotech & Pharmaceuticals,Biotech & Pharmaceuticals,$10+ billion (USD),"Roche, GlaxoSmithKline, Novartis"
Senior Data Scientist,4,$80K,$132K ,Autodesk,"San Francisco, CA","San Rafael, CA",5001 to 10000 employees,1982,Company - Public,Computer Hardware & Software,Information Technology,$2 to $5 billion (USD),
Data Scientist,3.4,$80K,$132K ,USI,"Southfield, MI","Saint Paul, MN",1001 to 5000 employees,1998,Company - Private,Construction,"Construction, Repair & Maintenance",$100 to $500 million (USD),
Data Scientist,3.9,$80K,$132K ,GSK,"Collegeville, PA","Brentford, United Kingdom",10000+ employees,1830,Company - Public,Biotech & Pharmaceuticals,Biotech & Pharmaceuticals,$10+ billion (USD),"Pfizer, AstraZeneca, Merck"
Data Scientist,3.8,$80K,$132K ,CIA,"Washington, DC","Langley, VA",Unknown,1947,Government,Federal Agencies,Government,,
Data Scientist,4.5,$80K,$132K ,Maven Wave Partners,"Chicago, IL","Chicago, IL",201 to 500 employees,2008,Company - Private,Consulting,Business Services,$50 to $100 million (USD),
Data Scientist,4.3,$80K,$132K ,Ovative Group,"Minneapolis, MN","Minneapolis, MN",51 to 200 employees,2009,Company - Private,Advertising & Marketing,Business Services,$10 to $25 million (USD),
Data Scientist,3.6,$80K,$132K ,Kognetics,"Gahanna, OH","New York, NY",1 to 50 employees,,Company - Private,,,,
Data Scientist,2.9,$80K,$132K ,Envision Healthcare,"Nashville, TN","Nashville, TN",10000+ employees,2005,Company - Private,Health Care Services & Hospitals,Health Care,,
Data Scientist,2.9,$80K,$132K ,"Pragmatics, Inc.",United States,"Reston, VA",201 to 500 employees,1985,Company - Private,IT Services,Information Technology,$100 to $500 million (USD),
Data Scientist,3.2,$80K,$132K ,ConsumerTrack,California,"Los Angeles, CA",51 to 200 employees,2004,Company - Private,Internet,Information Technology,$25 to $50 million (USD),
Decision Scientist,4.5,$80K,$132K ,Johns Hopkins University Applied Physics Laboratory,"Laurel, MD","Laurel, MD",5001 to 10000 employees,1942,Nonprofit Organization,Aerospace & Defense,Aerospace & Defense,$1 to $2 billion (USD),"MIT Lincoln Laboratory, Lockheed Martin, Northrop Grumman"
Data Scientist - TS/SCI FSP or CI Required,5,$80K,$132K ,Phoenix Operations Group,"Annapolis Junction, MD","Woodbine, MD",1 to 50 employees,2011,Company - Private,IT Services,Information Technology,$1 to $5 million (USD),
Data Scientist,3.5,$80K,$132K ,Crossover Health,"San Clemente, CA","Aliso Viejo, CA",1 to 50 employees,2010,Company - Private,Health Care Services & Hospitals,Health Care,$1 to $5 million (USD),
Data Scientist,4,$80K,$132K ,Lorven Technologies Inc,"New York, NY","Plainsboro, NJ",1 to 50 employees,,Company - Private,Accounting,Accounting & Legal,Less than $1 million (USD),
Data Scientist,4.4,$80K,$132K ,Meridian Knowledge Solutions,"Washington, DC","Reston, VA",51 to 200 employees,1997,Subsidiary or Business Segment,Enterprise Software & Network Solutions,Information Technology,$100 to $500 million (USD),
Data Scientist,4.2,$80K,$132K ,UST Global,"Atlanta, GA","Aliso Viejo, CA",10000+ employees,1999,Company - Private,IT Services,Information Technology,$1 to $2 billion (USD),"Cognizant Technology Solutions, Infosys, Wipro"
Data Scientist,3.2,$80K,$132K ,IMG Systems,"Plano, TX","Plano, TX",1 to 50 employees,,Company - Private,Consulting,Business Services,$1 to $5 million (USD),
Data Scientist,3.4,$80K,$132K ,Trident Systems Inc,"Fairfax, VA","Fairfax, VA",51 to 200 employees,1985,Company - Private,Aerospace & Defense,Aerospace & Defense,$25 to $50 million (USD),
Data Scientist,4.7,$80K,$132K ,"Tygart Technology, Inc","Washington, DC","Fairmont, WV",1 to 50 employees,,Company - Private,,,$1 to $5 million (USD),
(Sr.) Data Scientist -,3.6,$87K,$141K ,Merrick Bank,Utah,"South Jordan, UT",201 to 500 employees,1997,Company - Private,Banks & Credit Unions,Finance,,
Senior Data Scientist,4.2,$87K,$141K ,ManTech,"Alexandria, VA","Herndon, VA",5001 to 10000 employees,1968,Company - Public,Research & Development,Business Services,$1 to $2 billion (USD),
Data Scientist,,$87K,$141K ,"GrainBridge, LLC","Omaha, NE",,,,,,,,
Data Scientist,3.2,$87K,$141K ,First Health Group,"Wellesley, MA","Bethesda, MD",10000+ employees,1853,Company - Private,Insurance Carriers,Insurance,$10+ billion (USD),Humana
Data Scientist,,$87K,$141K ,Sprezzatura Management Consulting,"Washington, VA","McLean, VA",Unknown,,Company - Private,,,,
Data Scientist,2.8,$87K,$141K ,"Progress Rail, A Caterpillar Company","Fort Worth, TX","Albertville, AL",1001 to 5000 employees,1983,Subsidiary or Business Segment,Rail,Transportation & Logistics,$2 to $5 billion (USD),
Data Scientist,4.2,$87K,$141K ,UST Global,"Atlanta, GA","Aliso Viejo, CA",10000+ employees,1999,Company - Private,IT Services,Information Technology,$1 to $2 billion (USD),"Cognizant Technology Solutions, Infosys, Wipro"
Data Scientist,4.5,$87K,$141K ,Axiologic Solutions,"Alexandria, VA","Fairfax, VA",51 to 200 employees,2009,Company - Private,Aerospace & Defense,Aerospace & Defense,,
Data Scientist,3,$87K,$141K ,Indigo Slate,"Bellevue, WA","Bellevue, WA",51 to 200 employees,2006,Company - Private,Consulting,Business Services,$10 to $25 million (USD),
Data Scientist,3.3,$87K,$141K ,Cubic,United States,"San Diego, CA",5001 to 10000 employees,1951,Company - Public,Aerospace & Defense,Aerospace & Defense,$1 to $2 billion (USD),"Accenture, Northrop Grumman, Xerox"
Data Scientist,4,$87K,$141K ,Advanced Bio-Logic Solutions Corp,"Thousand Oaks, CA","Westlake Village, CA",1 to 50 employees,,Company - Private,,,Less than $1 million (USD),
Data Engineer,3.5,$87K,$141K ,Alignment Healthcare,"Orange, CA","Orange, CA",501 to 1000 employees,2013,Company - Private,Health Care Services & Hospitals,Health Care,,
Data Scientist,3.5,$87K,$141K ,WGSN,"Baltimore, MD","New York, NY",1 to 50 employees,1998,Company - Private,Consulting,Business Services,$50 to $100 million (USD),
Data Scientist,3.6,$87K,$141K ,"ISYS Technologies, Inc.","Herndon, VA","Littleton, CO",51 to 200 employees,1990,Company - Private,Computer Hardware & Software,Information Technology,$10 to $25 million (USD),
Data Scientist,3,$87K,$141K ,TransVoyant,"Alexandria, VA","Alexandria, VA",51 to 200 employees,2012,Company - Private,Enterprise Software & Network Solutions,Information Technology,,
Data Scientist/Data Analytics Practitioner,4,$87K,$141K ,Noblis,"Bridgeport, WV","Reston, VA",1001 to 5000 employees,1996,Nonprofit Organization,Consulting,Business Services,$100 to $500 million (USD),"Booz Allen Hamilton, SAIC, LMI"
Data Scientist,4.6,$87K,$141K ,Murray Resources,"The Woodlands, TX","Houston, TX",1 to 50 employees,1988,Company - Private,Staffing & Outsourcing,Business Services,$10 to $25 million (USD),
Data Scientist,4.3,$87K,$141K ,Geotab,"Oakville, CA","Oakville, Canada",1001 to 5000 employees,2000,Company - Private,Computer Hardware & Software,Information Technology,$100 to $500 million (USD),
Data Scientist,4.7,$87K,$141K ,CRS Group,"Chicago, IL","Itasca, IL",51 to 200 employees,1994,Company - Private,Staffing & Outsourcing,Business Services,$10 to $25 million (USD),
Data Scientist,3.7,$87K,$141K ,EGlobalTech,"Arlington, VA","Vienna, VA",201 to 500 employees,2004,Company - Private,IT Services,Information Technology,,
"Data Scientist, Kinship - NYC/Portland",3.9,$92K,$155K ,Mars,"New York, NY","Mc Lean, VA",10000+ employees,1911,Company - Private,Food & Beverage Manufacturing,Manufacturing,$10+ billion (USD),
Data Scientist,4.9,$92K,$155K ,Avlino,New Jersey,"Holmdel, NJ",1 to 50 employees,2013,Company - Private,Enterprise Software & Network Solutions,Information Technology,Less than $1 million (USD),
Data Scientist,3,$92K,$155K ,"Central Business Solutions, Inc","Seattle, WA","Fremont, CA",51 to 200 employees,,Company - Private,Consulting,Business Services,$5 to $10 million (USD),
Data Scientist,2.5,$92K,$155K ,KeHE Distributors,"Naperville, IL","Naperville, IL",5001 to 10000 employees,1954,Company - Private,Wholesale,Business Services,,"United Natural Foods, US Foods, DPI Specialty Foods"
Data Scientist,3.5,$92K,$155K ,Blackstone Talent Group,"San Francisco, CA","San Francisco, CA",51 to 200 employees,1998,Company - Private,Consulting,Business Services,$25 to $50 million (USD),
Data Scientist - TS/SCI Required,5,$92K,$155K ,Phoenix Operations Group,"Baltimore, MD","Woodbine, MD",1 to 50 employees,2011,Company - Private,IT Services,Information Technology,$1 to $5 million (USD),
Data Scientist,,$92K,$155K ,Sophinea,"Chantilly, VA",,1 to 50 employees,,Unknown,,,,
Senior Data Scientist,3.5,$92K,$155K ,Maxar Technologies,"Herndon, VA","Westminster, CO",5001 to 10000 employees,,Company - Public,Aerospace & Defense,Aerospace & Defense,$2 to $5 billion (USD),
Data Scientist,3,$92K,$155K ,Moxie Software,"Bellevue, WA","San Bruno, CA",51 to 200 employees,1999,Company - Private,Enterprise Software & Network Solutions,Information Technology,,"LivePerson, Salesforce, SAP"
Data Scientist(s)/Machine Learning Engineer,5,$92K,$155K ,Blue Horizon Tek Solutions,"New York, NY","Coconut Creek, FL",1 to 50 employees,1987,Company - Private,Staffing & Outsourcing,Business Services,,
Data Scientist,4.7,$92K,$155K ,Unicom Technologies INC,"Chicago, IL","Naperville, IL",51 to 200 employees,,Company - Private,IT Services,Information Technology,,
Data Engineer,3.3,$92K,$155K ,Americo Life,"Kansas City, MO","Kansas City, MO",201 to 500 employees,1992,Company - Private,Insurance Carriers,Insurance,$100 to $500 million (USD),
Data Scientist,3.3,$92K,$155K ,Tokio Marine HCC,"Houston, TX","Houston, TX",1001 to 5000 employees,1974,Company - Private,Insurance Carriers,Insurance,,"Zurich Insurance, AXA XL, Allianz"
Data Scientist,3.5,$92K,$155K ,CACI International,"Chantilly, VA","Arlington, VA",10000+ employees,1962,Company - Public,Aerospace & Defense,Aerospace & Defense,$2 to $5 billion (USD),"CSC, ManTech, SAIC"
"AI/ML - Machine Learning Scientist, Siri Understanding",4.1,$92K,$155K ,Apple,"Santa Clara, CA","Cupertino, CA",10000+ employees,1976,Company - Public,Computer Hardware & Software,Information Technology,$10+ billion (USD),"Google, Microsoft, Samsung Electronics"
Data Scientist,3.5,$92K,$155K ,Maxar Technologies,"Herndon, VA","Westminster, CO",5001 to 10000 employees,,Company - Public,Aerospace & Defense,Aerospace & Defense,$2 to $5 billion (USD),
ENGINEER - COMPUTER SCIENTIST - RESEARCH COMPUTER SCIENTIST - SIGNAL PROCESSING - SAN ANTONIO OR,3.9,$92K,$155K ,Southwest Research Institute,"Oklahoma City, OK","San Antonio, TX",1001 to 5000 employees,1947,Nonprofit Organization,Research & Development,Business Services,$500 million to $1 billion (USD),"Los Alamos National Laboratory, Battelle, SRI International"
Data Scientist,4.7,$92K,$155K ,Compass Consulting Group,"Thousand Oaks, CA","Danville, CA",51 to 200 employees,2008,Company - Private,Consulting,Business Services,,
Data Science Software Engineer,4.8,$92K,$155K ,Klaviyo,"Boston, MA","Boston, MA",201 to 500 employees,2012,Company - Private,Computer Hardware & Software,Information Technology,,
"Scientist / Group Lead, Cancer Biology",,$92K,$155K ,Monte Rosa Therapeutics,"Cambridge, MA",,,,,,,,
AI Ops Data Scientist,4,$92K,$155K ,AstraZeneca,"Gaithersburg, MD","Cambridge, United Kingdom",10000+ employees,1913,Company - Public,Biotech & Pharmaceuticals,Biotech & Pharmaceuticals,$10+ billion (USD),"Roche, GlaxoSmithKline, Novartis"
Senior Data Scientist,3.8,$105K,$167K ,GutCheck,"Denver, CO","Denver, CO",51 to 200 employees,2009,Company - Private,Advertising & Marketing,Business Services,$10 to $25 million (USD),"Nielsen, Zappi, SurveyMonkey"
Sr. ML/Data Scientist - AI/NLP/Chatbot,3.8,$105K,$167K ,Juniper Networks,"Cupertino, CA","Sunnyvale, CA",5001 to 10000 employees,1996,Company - Public,Telecommunications Services,Telecommunications,$2 to $5 billion (USD),
Data Scientist,2.7,$105K,$167K ,Hexagon US Federal,"Lexington Park, MD","Chantilly, VA",51 to 200 employees,2010,Company - Public,Aerospace & Defense,Aerospace & Defense,,
Data Scientist,4,$105K,$167K ,Comtech Global Inc,"Washington, DC","Columbus, OH",51 to 200 employees,,Company - Private,"Health, Beauty, & Fitness",Consumer Services,$5 to $10 million (USD),
Data Scientist,,$105K,$167K ,Berico Technologies,"Fort Belvoir, VA",,,,,,,,
Data Scientist,,$105K,$167K ,Kehe Food Distributors,"Naperville, IL",,,,,,,,
Data Scientist,3.8,$105K,$167K ,"Aveshka, Inc.","Washington, DC","Arlington, VA",51 to 200 employees,2010,Company - Public,IT Services,Information Technology,$10 to $25 million (USD),
Data Scientist,3.2,$105K,$167K ,Perspecta,"Adelphi, MD","Chantilly, VA",10000+ employees,2018,Company - Public,Aerospace & Defense,Aerospace & Defense,,
Data Scientist,,$105K,$167K ,Pactera Edge,"Redmond, WA",,,,,,,,
Data Scientist,3.6,$105K,$167K ,Qurate Retail Group,"West Chester, PA","West Chester, PA",10000+ employees,,Company - Public,Other Retail Stores,Retail,,
Data Scientist,4.4,$105K,$167K ,"SolutionIT, Inc.","Edison, NJ","Wilmington, MA",51 to 200 employees,,Company - Private,,,,
Data Scientist,4.1,$105K,$167K ,A-Line Staffing Solutions,"Durham, NC","Utica, MI",501 to 1000 employees,2004,Company - Private,Staffing & Outsourcing,Business Services,,
Data Scientist,,$105K,$167K ,Clear Ridge Defense,"Quantico, VA","Baltimore, MD",1 to 50 employees,,Company - Private,,,,
Data Scientist,3.8,$105K,$167K ,"Criterion Systems, Inc.","Vienna, VA","Vienna, VA",201 to 500 employees,2005,Company - Private,IT Services,Information Technology,$50 to $100 million (USD),
Data Scientist,4,$105K,$167K ,Foundation Medicine,"Boston, MA","Cambridge, MA",1001 to 5000 employees,2010,Company - Public,Biotech & Pharmaceuticals,Biotech & Pharmaceuticals,$100 to $500 million (USD),"Genomic Health, Myriad Genetics, The Broad Institute"
Data Scientist,3.6,$105K,$167K ,TRANZACT,"Fort Lee, NJ","Fort Lee, NJ",1001 to 5000 employees,1989,Company - Private,Advertising & Marketing,Business Services,,
Data Scientist,,$105K,$167K ,JKGT,"San Francisco, CA",,,,,,,,
Data Scientist,,$105K,$167K ,AccessHope,"Irwindale, CA",,,,,,,,
Data Scientist,5,$105K,$167K ,ChaTeck Incorporated,"San Francisco, CA","Santa Clara, CA",1 to 50 employees,,Company - Private,Advertising & Marketing,Business Services,$1 to $5 million (USD),
Data Scientist,2.7,$105K,$167K ,1-800-Flowers,"New York, NY","Carle Place, NY",1001 to 5000 employees,1976,Company - Public,Wholesale,Business Services,$1 to $2 billion (USD),
